rank,stadium,capacity,region,country,city,images,home_team,location
1,Rungrado 1st of May Stadium,114000,East Asia,North Korea,Pyongyang,https://upload.wikimedia.org/wikipedia/commons/thumb/8/81/Arirang_Mass_Games_12.JPG/250px-Arirang_Mass_Games_12.JPG,"Korea DPR national football team, Korea DPR women's national football team, April 25","[39.0496732, 125.7753215]"
2,Michigan Stadium,107601,North America,United States,"Ann Arbor, Michigan",https://upload.wikimedia.org/wikipedia/commons/thumb/3/36/Real_Madrid_vs._Manchester_United_August_2nd%2C_2014.jpg/250px-Real_Madrid_vs._Manchester_United_August_2nd%2C_2014.jpg,Michigan Wolverines football,"[42.2658749, -83.7486841]"
3,Ohio Stadium,102780,North America,United States,"Columbus, Ohio",https://upload.wikimedia.org/wikipedia/commons/thumb/f/fc/Panoramic_view_of_Ohio_Stadium.jpg/250px-Panoramic_view_of_Ohio_Stadium.jpg,Ohio State Buckeyes football,"[40.0016458, -83.0197374]"
4,Melbourne Cricket Ground,100024,Oceania,Australia,"Melbourne, Victoria",https://upload.wikimedia.org/wikipedia/commons/thumb/b/b4/MCG_Panorama_24_July_2015.jpg/250px-MCG_Panorama_24_July_2015.jpg,"Australia national cricket team, Victoria cricket team, Melbourne Cricket Club, Melbourne Stars, Melbourne FC, Richmond FC, Collingwood FC, Hawthorn FC","[-37.819909, 144.983225]"
5,Camp Nou,99354,Europe,Spain,"Barcelona, Catalonia",https://upload.wikimedia.org/wikipedia/commons/thumb/0/0e/Camp_Nou_Experience_%28_Ank_Kumar%2C_INFOSYS_Limited_%29_07.jpg/250px-Camp_Nou_Experience_%28_Ank_Kumar%2C_INFOSYS_Limited_%29_07.jpg,FC Barcelona,"[41.3807673, 2.1158684]"
6,FNB Stadium,94736,Africa,South Africa,"Johannesburg, Gauteng",https://upload.wikimedia.org/wikipedia/commons/thumb/c/c0/First_game_of_the_2010_FIFA_World_Cup%2C_South_Africa_vs_Mexico.jpg/250px-First_game_of_the_2010_FIFA_World_Cup%2C_South_Africa_vs_Mexico.jpg,"South Africa national football team, Kaizer Chiefs","[-26.2347063, 27.9826439]"
7,New Administrative Capital Stadium,93940,Africa,Egypt,New Administrative Capital,https://upload.wikimedia.org/wikipedia/commons/thumb/0/0a/No-image-available.png/480px-No-image-available.png,Egypt national football team,"[29.8921738, 31.673227]"
8,Rose Bowl Stadium,92800,North America,United States,"Pasadena, California",https://upload.wikimedia.org/wikipedia/commons/thumb/d/d2/Rose_Bowl%2C_panorama.jpg/250px-Rose_Bowl%2C_panorama.jpg,UCLA Bruins,"[34.1613492, -118.1676674]"
9,Cotton Bowl Stadium,92100,North America,United States,"Dallas, Texas",https://upload.wikimedia.org/wikipedia/commons/thumb/5/52/2019_State_Fair_Classic_01_%28Cotton_Bowl%29.jpg/250px-2019_State_Fair_Classic_01_%28Cotton_Bowl%29.jpg,Dallas Trinity FC,"[32.7796119, -96.7596025]"
10,Wembley Stadium,90000,Europe,England,"London, England",https://upload.wikimedia.org/wikipedia/commons/thumb/b/bb/Post_L2_Play-Off_Final.jpg/250px-Post_L2_Play-Off_Final.jpg,England national football team,"[51.5560695, -0.2796034]"
11,Lusail Stadium,88966,West Asia,Qatar,Lusail,https://upload.wikimedia.org/wikipedia/en/thumb/a/a3/Lusail_Stadium.jpg/250px-Lusail_Stadium.jpg,Qatar national football team,"[25.4208329, 51.4904784]"
12,Estadio Azteca,87523,North America,Mexico,Mexico City,https://upload.wikimedia.org/wikipedia/commons/thumb/c/ca/Panor%C3%A1mica_esquina_noreste.jpg/250px-Panor%C3%A1mica_esquina_noreste.jpg,"Club América, Cruz Azul, Mexico national football team","[19.3029794, -99.15047]"
13,Bukit Jalil National Stadium,87411,Southeast Asia,Malaysia,Kuala Lumpur,https://upload.wikimedia.org/wikipedia/commons/thumb/a/a1/National_Stadium_Bukit_Jalil_2018_AFF_Suzuki_Cup_final.png/250px-National_Stadium_Bukit_Jalil_2018_AFF_Suzuki_Cup_final.png,Malaysia national football team,"[3.0546755, 101.691369]"
14,Borg El-Arab Stadium,86000,Africa,Egypt,Alexandria,https://upload.wikimedia.org/wikipedia/commons/thumb/1/1a/Borg_el_arab_stadium.jpg/250px-Borg_el_arab_stadium.jpg,"Egypt national football team, Al Ittihad, Smouha","[30.9998511, 29.7296488]"
15,Estadio Santiago Bernabéu,85000,Europe,Spain,Madrid,https://upload.wikimedia.org/wikipedia/commons/thumb/0/0e/Estadio_Santiago_Bernab%C3%A9u_Madrid.jpg/250px-Estadio_Santiago_Bernab%C3%A9u_Madrid.jpg,Real Madrid,"[40.4530225, -3.687422]"
16,Estadio Mâs Monumental,84567,South America,Argentina,Buenos Aires,https://upload.wikimedia.org/wikipedia/commons/thumb/c/c8/Estadio_Monumental.jpg/250px-Estadio_Monumental.jpg,"Argentina national football team, River Plate","[-34.5452933, -58.4497385]"
17,Stadium Australia,83500,Oceania,Australia,"Sydney, New South Wales",https://upload.wikimedia.org/wikipedia/commons/thumb/f/f7/State_of_Origin_Game_II_2018.jpg/250px-State_of_Origin_Game_II_2018.jpg,"South Sydney Rabbitohs, Canterbury-Bankstown Bulldogs, New South Wales Blues, New South Wales Waratahs, Australia men's national soccer team, Australia national rugby union team","[-33.8471082, 151.0633848]"
18,MetLife Stadium,82500,North America,United States,"East Rutherford, New Jersey",https://upload.wikimedia.org/wikipedia/commons/thumb/5/54/Copa_America_game_between_Columbia_vs_Peru_at_the_MetLife_Stadium.jpg/250px-Copa_America_game_between_Columbia_vs_Peru_at_the_MetLife_Stadium.jpg,"New York Giants, New York Jets, United States men's national soccer team","[40.813507, -74.0743442]"
19,Croke Park,82300,Europe,Ireland,Dublin,https://upload.wikimedia.org/wikipedia/commons/thumb/9/91/Croke_park_all_ireland.jpg/250px-Croke_park_all_ireland.jpg,"Gaelic Athletic Association, Dublin GAA","[53.3603576, -6.2509812]"
20,Jakarta International Stadium,82000,Southeast Asia,Indonesia,Jakarta,https://upload.wikimedia.org/wikipedia/commons/thumb/b/b2/Jakarta_International_Stadium_interior.jpg/250px-Jakarta_International_Stadium_interior.jpg,"Persija Jakarta, Indonesia national football team","[-6.1250747, 106.8609766]"
21,Lambeau Field,81441,North America,United States,"Green Bay, Wisconsin",https://upload.wikimedia.org/wikipedia/commons/thumb/2/27/Lambeau_Field_bowl.jpg/250px-Lambeau_Field_bowl.jpg,Green Bay Packers,"[44.5009705, -88.0619681]"
22,Signal Iduna Park,81365,Europe,Germany,Dortmund,https://upload.wikimedia.org/wikipedia/commons/thumb/3/38/Signal_iduna_park.jpg/250px-Signal_iduna_park.jpg,Borussia Dortmund,"[51.4924922, 7.4518549]"
23,Stade de France,81338,Europe,France,Saint-Denis,https://upload.wikimedia.org/wikipedia/commons/thumb/5/53/StadeFranceNationsLeague2018.jpg/250px-StadeFranceNationsLeague2018.jpg,France national football team,"[48.9244726, 2.3601325]"
24,Grand Sports Arena of the Luzhniki Olympic Complex,81000,Europe,Russia,Moscow,https://upload.wikimedia.org/wikipedia/commons/thumb/3/3c/Luzhniki_Stadium2.jpg/250px-Luzhniki_Stadium2.jpg,,"[55.7157445, 37.5537673]"
25,Shah Alam Stadium,80372,Southeast Asia,Malaysia,"Shah Alam, Selangor",https://upload.wikimedia.org/wikipedia/commons/thumb/9/99/Shah_Alam_Stadium_%28inside%29.jpg/250px-Shah_Alam_Stadium_%28inside%29.jpg,Selangor FA,"[3.0821312, 101.5451144]"
26,Estadio Monumental,80093,South America,Peru,Lima,https://upload.wikimedia.org/wikipedia/commons/thumb/f/fa/Estadio_Monumental_U_vs_SF.jpg/250px-Estadio_Monumental_U_vs_SF.jpg,Club Universitario de Deportes,"[-12.0556474, -76.9353339]"
27,Stadio Giuseppe Meazza,80018,Europe,Italy,"Milan, Lombardy",https://upload.wikimedia.org/wikipedia/commons/thumb/a/a3/Stadio_Giuseppe_Meazza%2C_San_Siro%2C_Milan_%283326869632%29.jpg/250px-Stadio_Giuseppe_Meazza%2C_San_Siro%2C_Milan_%283326869632%29.jpg,AC Milan and Internazionale,"[45.4782003, 9.123964]"
28,Guangdong Olympic Stadium,80012,East Asia,China,"Guangzhou, Guangdong",https://upload.wikimedia.org/wikipedia/commons/thumb/f/f7/Stade_Olympique_Guangdong.JPG/250px-Stade_Olympique_Guangdong.JPG,,"[23.1380362, 113.4034296]"
29,Hangzhou Olympic Sports Expo Centre Stadium,80000,East Asia,China,"Hangzhou, Zhejiang",https://upload.wikimedia.org/wikipedia/commons/thumb/4/4c/Hangzhou_Olympic_Sports_Center_Stadium2021.jpg/250px-Hangzhou_Olympic_Sports_Center_Stadium2021.jpg,,"[30.2317101, 120.2254884]"
30,AT&T Stadium,80000,North America,United States,"Arlington, Texas",https://upload.wikimedia.org/wikipedia/commons/thumb/5/52/Cowboys_Stadium_full_view.jpg/250px-Cowboys_Stadium_full_view.jpg,"Dallas Cowboys, FC Dallas","[32.7478502, -97.0928337]"
31,Stade des Martyrs,80000,Africa,DR Congo,Kinshasa,https://upload.wikimedia.org/wikipedia/commons/thumb/3/3b/Stade_des_Martyrs_de_la_Pentec%C3%B4te.jpg/250px-Stade_des_Martyrs_de_la_Pentec%C3%B4te.jpg,Congo DR national football team,"[-5.9280631, 22.309603]"
32,Beijing National Stadium,80000,East Asia,China,Beijing,https://upload.wikimedia.org/wikipedia/commons/thumb/5/51/Beijing_National_Stadium_2014_2.jpg/250px-Beijing_National_Stadium_2014_2.jpg,,"[40.0160281, 116.3713841]"
33,Maracanã,78838,South America,Brazil,"Rio de Janeiro, Rio de Janeiro",https://upload.wikimedia.org/wikipedia/commons/thumb/f/fe/Bosnia_players_at_Maracan%C3%A3_15_June_2014.jpg/250px-Bosnia_players_at_Maracan%C3%A3_15_June_2014.jpg,"CR Flamengo, Fluminense FC, Botafogo FR, CR Vasco da Gama","[-22.9121619, -43.2311861]"
34,Los Angeles Memorial Coliseum,78467,North America,United States,"Los Angeles, California",https://upload.wikimedia.org/wikipedia/commons/thumb/2/25/USC_vs_University_of_Oregon_November_2019.png/250px-USC_vs_University_of_Oregon_November_2019.png,USC Trojans,"[34.0139159, -118.2877996]"
35,Azadi Stadium,78116,West Asia,Iran,Tehran,https://upload.wikimedia.org/wikipedia/commons/thumb/7/78/Azadi_Stadium_%287%29.jpg/250px-Azadi_Stadium_%287%29.jpg,"Iran national football team, Esteghlal FC, Persepolis FC","[35.7244962, 51.2755487]"
36,Stadion Utama Gelora Bung Karno,77193,Southeast Asia,Indonesia,Jakarta,https://upload.wikimedia.org/wikipedia/commons/thumb/2/29/Gbk_persija_arema_20190803.jpg/250px-Gbk_persija_arema_20190803.jpg,"Indonesia national football team,","[-6.218536, 106.8026353]"
37,Caesar's Superdome,76468,North America,United States,"New Orleans, Louisiana",https://upload.wikimedia.org/wikipedia/commons/thumb/a/a1/The_Dome_New_Orleans_Man_Trip.jpg/250px-The_Dome_New_Orleans_Man_Trip.jpg,"New Orleans Saints, Sugar Bowl",
38,Arrowhead Stadium,76412,North America,United States,"Kansas City, Missouri",https://upload.wikimedia.org/wikipedia/commons/thumb/1/10/25_July_2010_Kansas_City_Wizards_vs_Manchester_United_friendly.jpg/250px-25_July_2010_Kansas_City_Wizards_vs_Manchester_United_friendly.jpg,Kansas City Chiefs,"[39.0489357, -94.4839993]"
39,Empower Field,76125,North America,United States,Denver,https://upload.wikimedia.org/wikipedia/commons/thumb/4/49/SAF_at_Mile_High_AFC_Championship_game_pom-poms.jpg/250px-SAF_at_Mile_High_AFC_Championship_game_pom-poms.jpg,Denver Broncos,"[39.743952, -105.0192228]"
40,Atatürk Olimpiyat Stadyumu,76092,Europe,Turkey,Istanbul,https://upload.wikimedia.org/wikipedia/commons/thumb/6/68/Istanbul_Atat%C3%BCrk_Olympic_Stadium_2.jpg/250px-Istanbul_Atat%C3%BCrk_Olympic_Stadium_2.jpg,,"[41.0744732, 28.7656611]"
41,Old Trafford,76000,Europe,England,"Manchester, North West England",https://upload.wikimedia.org/wikipedia/commons/thumb/b/bd/Manchester_United_old_trafford_Ank_Kumar_01.jpg/250px-Manchester_United_old_trafford_Ank_Kumar_01.jpg,Manchester United,"[53.4631095, -2.2913865]"
42,Allianz Arena,75024,Europe,Germany,Munich,https://upload.wikimedia.org/wikipedia/commons/thumb/d/dc/Allianz_Arena_%28Bayern_Munich%29.jpg/250px-Allianz_Arena_%28Bayern_Munich%29.jpg,FC Bayern Munich,"[48.2187901, 11.6236227]"
43,Naghsh-e-Jahan Stadium,75000,West Asia,Iran,Isfahan,https://upload.wikimedia.org/wikipedia/commons/thumb/4/4f/Naghsh_Jahan_Stadium.jpg/250px-Naghsh_Jahan_Stadium.jpg,Sepahan FC,"[32.7424558, 51.686181]"
44,Bank of America Stadium,74867,North America,United States,"Charlotte, North Carolina",https://upload.wikimedia.org/wikipedia/commons/thumb/8/85/Bank_of_America_Stadium_soccer.jpg/250px-Bank_of_America_Stadium_soccer.jpg,"Charlotte FC, Carolina Panthers","[35.225774, -80.8528276]"
45,Principality Stadium,74500,Europe,Wales,Cardiff,https://upload.wikimedia.org/wikipedia/commons/thumb/e/e6/Millennium_Stadium_-_Glanmor%E2%80%99s_Gap.jpg/250px-Millennium_Stadium_-_Glanmor%E2%80%99s_Gap.jpg,Wales national rugby union team,"[51.4782484, -3.1826256]"
46,Olympiastadion,74475,Europe,Germany,Berlin,https://upload.wikimedia.org/wikipedia/commons/thumb/5/52/Berlin_Olympiastadion_nach_Umbau.jpg/250px-Berlin_Olympiastadion_nach_Umbau.jpg,Hertha BSC,"[52.5145846, 13.2398144]"
47,Cairo International Stadium,74100,Africa,Egypt,Cairo,https://upload.wikimedia.org/wikipedia/commons/thumb/b/bc/Cairo_Stadium_Afcon_u23_2019.jpg/250px-Cairo_Stadium_Afcon_u23_2019.jpg,"Egypt national football team, Al Ahly, Zamalek","[30.0690313, 31.3122096]"
48,FirstEnergy Stadium,73200,North America,United States,Cleveland,https://upload.wikimedia.org/wikipedia/commons/thumb/f/f1/FirstEnergy_Stadium_panorama_2016.jpg/250px-FirstEnergy_Stadium_panorama_2016.jpg,Cleveland Browns,"[41.5060559, -81.6997118]"
49,Estádio Nacional Mané Garrincha,72788,South America,Brazil,"Brasília, Distrito Federal",https://upload.wikimedia.org/wikipedia/commons/thumb/d/da/Est%C3%A1dio_Nacional_Bras%C3%ADlia.jpg/250px-Est%C3%A1dio_Nacional_Bras%C3%ADlia.jpg,"Brasília FC, Legião FC","[-15.7837498, -47.8990287]"
50,Stadio Olimpico,72698,Europe,Italy,"Rome, Lazio",https://upload.wikimedia.org/wikipedia/commons/thumb/6/64/The_Stadio_Olimpico_during_a_match_between_AS_Roma_and_Sampdoria.jpg/250px-The_Stadio_Olimpico_during_a_match_between_AS_Roma_and_Sampdoria.jpg,"AS Roma, Lazio","[41.9339423, 12.4547705]"
51,Nissan Stadium,72327,East Asia,Japan,"Yokohama, Kanagawa",https://upload.wikimedia.org/wikipedia/commons/thumb/9/91/International_Stadium_Yokohama-1.jpg/250px-International_Stadium_Yokohama-1.jpg,"Yokohama F. Marinos, Yokohama Eagles","[35.5099882, 139.6063825]"
52,NRG Stadium,72220,North America,United States,"Houston, Texas",https://upload.wikimedia.org/wikipedia/commons/thumb/d/dc/The_Texans_at_Reliant_Park_1_Jan_2012.jpg/250px-The_Texans_at_Reliant_Park_1_Jan_2012.jpg,"Houston Texans, Houston Dynamo FC","[29.6848581, -95.4108015]"
53,Shanghai Stadium,72000,East Asia,China,Shanghai,https://upload.wikimedia.org/wikipedia/commons/thumb/d/de/Shanghai_Stadium_2008.JPG/250px-Shanghai_Stadium_2008.JPG,Shanghai Shenhua,"[31.1833432, 121.4373709]"
54,M&T Bank Stadium,71008,North America,United States,Baltimore,https://upload.wikimedia.org/wikipedia/commons/thumb/9/92/M%26T_Bank_Stadium_USA_soccer.JPG/250px-M%26T_Bank_Stadium_USA_soccer.JPG,Baltimore Ravens,"[39.2779734, -76.6226651]"
55,Mercedes-Benz Stadium,71000,North America,United States,"Atlanta, Georgia",https://upload.wikimedia.org/wikipedia/commons/thumb/f/f2/Mercedes_Benz_Stadium_interior_2017-08-25_1.jpg/250px-Mercedes_Benz_Stadium_interior_2017-08-25_1.jpg,"Atlanta United FC, Atlanta Falcons","[33.7554123, -84.4008493]"
56,Riyadh Air Metropolitano,70692,Europe,Spain,Madrid,https://upload.wikimedia.org/wikipedia/commons/thumb/0/05/Wanda-Metropolitano.jpg/250px-Wanda-Metropolitano.jpg,Atlético de Madrid,"[40.436053, -3.5997153]"
57,Olympic National Sports Complex Stadium,70000,Europe,Ukraine,Kyiv,https://upload.wikimedia.org/wikipedia/commons/thumb/0/0d/Kyiv_NSC_Olimpiyskyi_5.jpg/250px-Kyiv_NSC_Olimpiyskyi_5.jpg,"Ukraine national football team, FC Dynamo Kyiv","[50.4333967, 30.5230174]"
58,SoFi Stadium,70000,North America,United States,"Inglewood, California",https://upload.wikimedia.org/wikipedia/commons/thumb/b/b0/SoFi_Stadium_interior_2021.jpg/250px-SoFi_Stadium_interior_2021.jpg,,"[33.9534073, -118.3390098]"
59,Seoul Olympic Stadium,69950,East Asia,South Korea,Seoul,https://upload.wikimedia.org/wikipedia/commons/thumb/e/e5/%E8%9A%95%E5%AE%A4_03.jpg/250px-%E8%9A%95%E5%AE%A4_03.jpg,,"[37.5158632, 127.0727891]"
60,Bakı Olimpiya stadionu,69870,West Asia,Azerbaijan,Baku,https://upload.wikimedia.org/wikipedia/en/thumb/0/0d/Baku_National_Stadium.jpg/250px-Baku_National_Stadium.jpg,Azerbaijan national football team,"[40.429982, 49.919531]"
61,Olympic Stadium,69618,Europe,Greece,"Marousi, Attica",https://upload.wikimedia.org/wikipedia/en/thumb/d/d6/Olympic_Stadium_at_Athens_before_a_home_game_of_Panathinaikos_on_February_2%2C_2013.jpg/250px-Olympic_Stadium_at_Athens_before_a_home_game_of_Panathinaikos_on_February_2%2C_2013.jpg,Greece national football team,"[38.0325514, 23.7944433]"
62,Prince Moulay Abdellah Stadium,68700,Africa,Morocco,Rabat,https://upload.wikimedia.org/wikipedia/commons/thumb/1/19/Prince_Moulay_Abdellah_Stadium%2C_2025.jpg/250px-Prince_Moulay_Abdellah_Stadium%2C_2025.jpg,"Morocco national team, AS FAR","[33.9599648, -6.8898259]"
63,Olympiastadion München,69250,Europe,Germany,Munich,https://upload.wikimedia.org/wikipedia/commons/thumb/3/35/M%C3%BCnchener_Olympiastadion.jpg/250px-M%C3%BCnchener_Olympiastadion.jpg,,"[48.1731314, 11.5464786]"
64,Lumen Field,69000,North America,United States,"Seattle, Washington",https://upload.wikimedia.org/wikipedia/commons/thumb/5/53/Qwest_Field_North.jpg/250px-Qwest_Field_North.jpg,"Seattle Sounders FC, Seattle Seahawks","[47.5953459, -122.3316443]"
65,Estadio Olímpico Universitario,68954,North America,Mexico,Mexico City,https://upload.wikimedia.org/wikipedia/commons/thumb/f/f2/Estadio_Pumas.jpg/250px-Estadio_Pumas.jpg,UNAM Pumas,"[19.3316881, -99.1922864]"
66,Gillette Stadium,68756,North America,United States,"Foxborough, Massachusetts",https://upload.wikimedia.org/wikipedia/commons/thumb/8/8c/Stadiumguillete_%28cropped%29.jpg/250px-Stadiumguillete_%28cropped%29.jpg,"New England Patriots, New England Revolution","[42.0908879, -71.2641731]"
67,King Abdullah Sports City Stadium,68560,West Asia,Saudi Arabia,Jeddah,https://upload.wikimedia.org/wikipedia/commons/thumb/6/68/Jawhara_Stadium.jpg/250px-Jawhara_Stadium.jpg,"Saudi Arabia national football team, Al-Ahli Saudi FC, Al-Ittihad Saudi Club","[26.3790481, 43.9477172]"
68,Lincoln Financial Field,68532,North America,United States,Philadelphia,https://upload.wikimedia.org/wikipedia/commons/thumb/3/36/USA-Turkey-Linc.jpg/250px-USA-Turkey-Linc.jpg,"Philadelphia Eagles, Temple Owls football","[39.9009099, -75.1674892]"
69,Levi's Stadium,68500,North America,United States,"Santa Clara, California",https://upload.wikimedia.org/wikipedia/commons/thumb/0/00/Entering_Levi%27s_Stadium.JPG/250px-Entering_Levi%27s_Stadium.JPG,San Francisco 49ers,"[37.4029867, -121.9696489]"
70,Acrisure Stadium,68400,North America,United States,Pittsburgh,https://upload.wikimedia.org/wikipedia/commons/thumb/2/23/Heinz_Field_NHL_Winter_Classic.jpg/250px-Heinz_Field_NHL_Winter_Classic.jpg,"Pittsburgh Steelers, Pittsburgh Panthers football","[40.4467166, -80.0157199]"
71,Gazprom Arena,68134,Europe,Russia,Saint Petersburg,https://upload.wikimedia.org/wikipedia/commons/thumb/1/1c/Fina-l2017.jpg/250px-Fina-l2017.jpg,FC Zenit Saint Petersburg,"[59.9723766, 30.2210608]"
72,Salt Lake Stadium,68000,South Asia,India,Kolkata,https://upload.wikimedia.org/wikipedia/commons/thumb/5/5f/Salt_Lake_Stadium_during_FIFA_U17_World_Cup_2017_....jpg/250px-Salt_Lake_Stadium_during_FIFA_U17_World_Cup_2017_....jpg,"India national football team, Mohun Bagan Super Giant, East Bengal FC, Mohammedan SC","[22.5690604, 88.4090201]"
73,National Stadium,68000,East Asia,Japan,Tokyo,https://upload.wikimedia.org/wikipedia/commons/thumb/7/7c/Drones_durante_a_abertura_das_Olimp%C3%ADadas_de_T%C3%B3quio.jpg/250px-Drones_durante_a_abertura_das_Olimp%C3%ADadas_de_T%C3%B3quio.jpg,,"[35.6778596, 139.7135142]"
74,TIAA Bank Field,67814,North America,United States,"Jacksonville, Florida",https://upload.wikimedia.org/wikipedia/commons/thumb/3/36/2009_Gator_Bowl.jpg/250px-2009_Gator_Bowl.jpg,Jacksonville Jaguars,"[30.3321838, -81.655651]"
75,Orange Vélodrome,67394,Europe,France,Marseille,https://upload.wikimedia.org/wikipedia/commons/thumb/8/85/Stade_V%C3%A9lodrome_1.jpg/250px-Stade_V%C3%A9lodrome_1.jpg,Olympique de Marseille,"[43.269835, 5.3959117]"
76,Puskás Aréna,67215,Europe,Hungary,Budapest,https://upload.wikimedia.org/wikipedia/commons/thumb/3/3a/Pusk%C3%A1s_Ar%C3%A9na_01.jpg/250px-Pusk%C3%A1s_Ar%C3%A9na_01.jpg,Hungary national football team,"[47.5031089, 19.0980509]"
77,Scottish Gas Murrayfield Stadium,67144,Europe,Scotland,Edinburgh,https://upload.wikimedia.org/wikipedia/commons/thumb/a/a1/Murrayfield_Stadium_-_geograph.org.uk_-_1246737.jpg/250px-Murrayfield_Stadium_-_geograph.org.uk_-_1246737.jpg,Scotland national rugby union team,"[55.9423132, -3.2408951]"
78,Stade Mohammed V,67000,Africa,Morocco,Casablanca,https://upload.wikimedia.org/wikipedia/commons/thumb/7/70/Stade_Mohamed_V%2C_Casablanca.jpg/250px-Stade_Mohamed_V%2C_Casablanca.jpg,"Wydad, Raja, Morocco national team","[33.5828249, -7.6468329]"
79,Lucas Oil Stadium,67000,North America,United States,"Indianapolis, Indiana",https://upload.wikimedia.org/wikipedia/commons/thumb/8/89/LucasOilStadiumTheLuke.jpg/250px-LucasOilStadiumTheLuke.jpg,Indianapolis Colts,"[39.7590621, -86.1638376]"
80,MorumBIS,66975,South America,Brazil,"São Paulo, São Paulo",https://upload.wikimedia.org/wikipedia/commons/thumb/1/13/Estadio_Morumbi_2014.jpg/250px-Estadio_Morumbi_2014.jpg,São Paulo FC,"[-23.6001016, -46.7201264]"
81,The Dome,66965,North America,United States,St. Louis,https://upload.wikimedia.org/wikipedia/commons/thumb/b/bd/2005_NCAA_North_Carolina_v_Michigan_State.JPG/250px-2005_NCAA_North_Carolina_v_Michigan_State.JPG,St. Louis BattleHawks,"[42.7786911, -73.1701063]"
82,Yadegar-e-Emam Stadium,66833,West Asia,Iran,Tabriz,https://upload.wikimedia.org/wikipedia/commons/thumb/1/12/Yadegar_Emam_stadium_at_night_-_panoramio.jpg/250px-Yadegar_Emam_stadium_at_night_-_panoramio.jpg,Tractor Sazi FC,"[38.0738612, 46.2978789]"
83,Seoul World Cup Stadium,66704,East Asia,South Korea,Seoul,https://upload.wikimedia.org/wikipedia/commons/thumb/b/b8/AFC_Champions_League_Final_1st_leg.jpg/250px-AFC_Champions_League_Final_1st_leg.jpg,FC Seoul,"[37.5683021, 126.8972477]"
84,US Bank Stadium,66655,North America,United States,Minneapolis,https://upload.wikimedia.org/wikipedia/commons/thumb/6/6a/Looking_South-US_Bank_Stadium.jpg/250px-Looking_South-US_Bank_Stadium.jpg,Minnesota Vikings,"[44.9736154, -93.2574663]"
85,Daegu Stadium,66422,East Asia,South Korea,Daegu,https://upload.wikimedia.org/wikipedia/commons/thumb/d/da/Daegu.Stadium.original.2167.jpg/250px-Daegu.Stadium.original.2167.jpg,Daegu FC,"[35.8297517, 128.6901254]"
86,Workers' Stadium,66161,East Asia,China,Beijing,https://upload.wikimedia.org/wikipedia/commons/thumb/5/58/New_Workers%27_Stadium_under_construction_%2820221025141129%29.jpg/250px-New_Workers%27_Stadium_under_construction_%2820221025141129%29.jpg,"Beijing Guoan, China national football team","[39.9323548, 116.4442038]"
87,London Stadium,66000,Europe,England,London,https://upload.wikimedia.org/wikipedia/commons/thumb/b/b1/London_Stadium_panorama_picture.jpg/250px-London_Stadium_panorama_picture.jpg,West Ham United,"[51.5386206, -0.0166238]"
88,Raymond James Stadium,65847,North America,United States,"Tampa, Florida",https://upload.wikimedia.org/wikipedia/commons/thumb/9/9d/RaymondJamesStadium2022.jpg/250px-RaymondJamesStadium2022.jpg,"Tampa Bay Buccaneers, South Florida Bulls football, Tampa Bay Vipers","[27.9759793, -82.5033545]"
89,Hard Rock Stadium,65326,North America,United States,"Miami Gardens, Florida",https://upload.wikimedia.org/wikipedia/commons/thumb/9/99/Interior_of_updated_Hard_Rock_Stadium.jpg/250px-Interior_of_updated_Hard_Rock_Stadium.jpg,"Miami Dolphins, Miami Hurricanes football","[25.9579031, -80.2388497]"
90,Olympic Stadium,65255,North America,Canada,"Montreal, Quebec",https://upload.wikimedia.org/wikipedia/commons/thumb/f/fc/Montreal_Impact_CONCACAF_FINAL.jpg/250px-Montreal_Impact_CONCACAF_FINAL.jpg,CF Montréal,"[45.5577983, -73.5516458]"
91,Basra International Stadium,65227,West Asia,Iraq,Basra,https://upload.wikimedia.org/wikipedia/commons/thumb/6/62/Basra_International_Stadium_Opening_2.JPG/250px-Basra_International_Stadium_Opening_2.JPG,Iraq national football team,"[30.4399273, 47.7798634]"
92,Camping World Stadium,65000,North America,United States,"Orlando, Florida",https://upload.wikimedia.org/wikipedia/commons/thumb/4/4c/Citrus_Bowl%2C_Construction_progress.jpg/250px-Citrus_Bowl%2C_Construction_progress.jpg,,"[28.5390398, -81.4027504]"
93,Alamodome,65000,North America,United States,San Antonio,https://upload.wikimedia.org/wikipedia/commons/thumb/0/0d/Alamodome_Conference_USA_Championship.jpg/250px-Alamodome_Conference_USA_Championship.jpg,UTSA Roadrunners football,"[29.4168923, -98.4788949]"
94,Ford Field,65000,North America,United States,Detroit,https://upload.wikimedia.org/wikipedia/commons/thumb/b/b3/FordField-2008NCAAtournament-MidwestRegional.jpg/250px-FordField-2008NCAAtournament-MidwestRegional.jpg,Detroit Lions,"[42.3399567, -83.0456166]"
95,Stade Ibn Battuta,65000,Africa,Morocco,Tangier,https://upload.wikimedia.org/wikipedia/commons/thumb/9/93/Stade_Ibn_Batuta%2C_Tanger.jpg/250px-Stade_Ibn_Batuta%2C_Tanger.jpg,"IR Tanger, Morocco national team","[35.7412689, -5.8580825]"
96,Estádio do Sport Lisboa e Benfica,64642,Europe,Portugal,Lisbon,https://upload.wikimedia.org/wikipedia/commons/thumb/1/1b/LuzLissabon.jpg/250px-LuzLissabon.jpg,Benfica,"[38.7526893, -9.1846899]"
97,Stade du 5 Juillet,64200,Africa,Algeria,Algiers,https://upload.wikimedia.org/wikipedia/commons/thumb/a/a0/Stade_5_Juillet_1962.jpg/250px-Stade_5_Juillet_1962.jpg,Algeria national football team,"[36.7595143, 2.9952724]"
98,Castelão,63903,South America,Brazil,"Fortaleza, Ceará",https://upload.wikimedia.org/wikipedia/commons/thumb/e/ec/Castel%C3%A3o_Arena_%285%29.jpg/250px-Castel%C3%A3o_Arena_%285%29.jpg,"Ceará SC, Fortaleza EC","[-3.806742, -38.5216794]"
99,Saitama Stadium 2002,63700,East Asia,Japan,Saitama,https://upload.wikimedia.org/wikipedia/commons/thumb/6/60/Saitama_Stadium_Panorama.jpg/250px-Saitama_Stadium_Panorama.jpg,"Urawa Red Diamonds, Saitama Wild Knights","[35.90308, 139.7168256]"
100,Ellis Park Stadium,62567,Africa,South Africa,"Johannesburg, Gauteng",https://upload.wikimedia.org/wikipedia/commons/thumb/b/bc/Warm-ups_at_Brazil_%26_North_Korea_match_at_FIFA_World_Cup_2010-06-15_1.jpg/250px-Warm-ups_at_Brazil_%26_North_Korea_match_at_FIFA_World_Cup_2010-06-15_1.jpg,"Orlando Pirates FC, Emirates Johannesburg Lions","[-26.1974789, 28.0607682]"
101,Tottenham Hotspur Stadium,62303,Europe,England,London,https://upload.wikimedia.org/wikipedia/commons/thumb/8/8c/Spurs_stadium_January_2020.jpg/250px-Spurs_stadium_January_2020.jpg,Tottenham Hotspur,"[51.604157, -0.0662604]"
102,VELTINS-Arena,62271,Europe,Germany,Gelsenkirchen,https://upload.wikimedia.org/wikipedia/commons/thumb/d/d2/080110_schalke_arena_germany.JPG/250px-080110_schalke_arena_germany.JPG,FC Schalke 04,"[51.5545938, 7.0676001]"
103,Yizhong Sports Centre Stadium,62000,East Asia,China,"Qingdao, Shandong",https://upload.wikimedia.org/wikipedia/commons/thumb/7/77/Qingdao_Guoxin_Stadium.jpg/250px-Qingdao_Guoxin_Stadium.jpg,Qingdao Jonoon FC,"[36.0663249, 120.3777659]"
104,Estádio Governador Magalhães Pinto,61846,South America,Brazil,"Belo Horizonte, Minas Gerais",https://upload.wikimedia.org/wikipedia/commons/thumb/6/69/Stadion_Belo_Horizonte_Halbfinale_WM_2014_%2822117986076%29.jpg/250px-Stadion_Belo_Horizonte_Halbfinale_WM_2014_%2822117986076%29.jpg,"Atlético Mineiro, Cruzeiro EC","[-19.8659115, -43.9710434]"
105,King Fahd International Stadium,61781,West Asia,Saudi Arabia,Riyadh,https://upload.wikimedia.org/wikipedia/commons/thumb/2/2b/%E3%82%AD%E3%83%B3%E3%82%B0%E3%83%95%E3%82%A1%E3%83%8F%E3%83%89%E5%9B%BD%E9%9A%9B%E3%82%B9%E3%82%BF%E3%82%B8%E3%82%A2%E3%83%A0.jpg/250px-%E3%82%AD%E3%83%B3%E3%82%B0%E3%83%95%E3%82%A1%E3%83%8F%E3%83%89%E5%9B%BD%E9%9A%9B%E3%82%B9%E3%82%BF%E3%82%B8%E3%82%A2%E3%83%A0.jpg,"Saudi Arabia national football team, Al-Hilal, Al-Nassr, Al-Shabab","[24.7885806, 46.8391449]"
106,Soldier Field,61500,North America,United States,Chicago,https://upload.wikimedia.org/wikipedia/commons/thumb/8/8b/The_Refurbished_Soldier_Field.jpg/250px-The_Refurbished_Soldier_Field.jpg,Chicago Bears,"[41.8624515, -87.6167151]"
107,Nanjing Olympic Sports Centre Stadium,61443,East Asia,China,"Nanjing, Jiangsu",https://upload.wikimedia.org/wikipedia/commons/thumb/b/b5/Nanjing_Olympic_Sports_Center_inner_view_%282016%29.jpg/250px-Nanjing_Olympic_Sports_Center_inner_view_%282016%29.jpg,,"[32.0106825, 118.7197543]"
108,Anfield,61276,Europe,England,"Liverpool, England",https://upload.wikimedia.org/wikipedia/commons/thumb/0/02/Panorama_of_Anfield_with_new_main_stand_%2829676137824%29.jpg/250px-Panorama_of_Anfield_with_new_main_stand_%2829676137824%29.jpg,Liverpool FC,"[53.4309164, -2.9609314]"
109,Estadio Benito Villamarín,60720,Europe,Spain,Seville,https://upload.wikimedia.org/wikipedia/commons/thumb/6/6d/Estadio_Benito_Villamar%C3%ADn_2018001.jpg/250px-Estadio_Benito_Villamar%C3%ADn_2018001.jpg,Real Betis,"[37.3564503, -5.9809176]"
110,Abuja Stadium,60491,Africa,Nigeria,Abuja,https://upload.wikimedia.org/wikipedia/commons/thumb/d/d2/Football_heaven.jpg/250px-Football_heaven.jpg,Nigeria national football team,"[9.0643305, 7.4892974]"
111,MHPArena,60469,Europe,Germany,Stuttgart,https://upload.wikimedia.org/wikipedia/commons/thumb/5/53/Neckarstadion_2011.jpg/250px-Neckarstadion_2011.jpg,VfB Stuttgart,"[48.7922487, 9.2320857]"
112,Celtic Park,60411,Europe,Scotland,Glasgow,https://upload.wikimedia.org/wikipedia/commons/thumb/c/ce/Celtic_park_2.jpg/250px-Celtic_park_2.jpg,Celtic FC,"[55.8501815, -4.2068227]"
113,Estadio de la UNSA,60370,South America,Peru,Arequipa,https://upload.wikimedia.org/wikipedia/commons/thumb/e/ef/OutsideUNSA.jpg/250px-OutsideUNSA.jpg,FBC Melgar,"[-16.4073043, -71.5204685]"
114,Emirates Stadium,60338,Europe,England,London,https://upload.wikimedia.org/wikipedia/commons/thumb/d/d1/Emirates_Stadium_-_East_stand_Club_Level.jpg/250px-Emirates_Stadium_-_East_stand_Club_Level.jpg,Arsenal,"[51.5550403, -0.1083997]"
115,Shenzhen Universiade Sports Centre Stadium,60334,East Asia,China,"Shenzhen, Guangdong",https://upload.wikimedia.org/wikipedia/commons/thumb/1/11/%E6%B7%B1%E5%9C%B3%E9%BE%99%E5%B2%97%E5%A4%A7%E8%BF%90%E4%B8%AD%E5%BF%83%E4%BD%93%E8%82%B2%E9%A6%86%E5%86%85%E9%83%A8.jpg/250px-%E6%B7%B1%E5%9C%B3%E9%BE%99%E5%B2%97%E5%A4%A7%E8%BF%90%E4%B8%AD%E5%BF%83%E4%BD%93%E8%82%B2%E9%A6%86%E5%86%85%E9%83%A8.jpg,,"[22.6970397, 114.2123372]"
116,Estadio Centenario,60235,South America,Uruguay,Montevideo,https://upload.wikimedia.org/wikipedia/commons/thumb/9/98/Estadio_Centenario_2021.jpg/250px-Estadio_Centenario_2021.jpg,Uruguay national football team,"[-34.8945393, -56.1526841]"
117,Estádio José do Rego Maciel,60044,South America,Brazil,"Recife, Pernambuco",https://upload.wikimedia.org/wikipedia/commons/thumb/1/1b/Arruda_em_novembro_de_2013.JPG/250px-Arruda_em_novembro_de_2013.JPG,Santa Cruz FC,"[-8.0268093, -34.8911967]"
118,Stade Léopold Sédar Senghor,60000,Africa,Senegal,Dakar,https://upload.wikimedia.org/wikipedia/commons/thumb/8/8f/Senegal_1_-_Cameroon_0_-_Stade_L%C3%A9opold_S%C3%A9dar_Senghor.jpg/250px-Senegal_1_-_Cameroon_0_-_Stade_L%C3%A9opold_S%C3%A9dar_Senghor.jpg,"Senegal national football team, ASC Jeanne d'Arc","[14.7467716, -17.451914]"
119,Al-Bayt Stadium,60000,West Asia,Qatar,Al-Khor,https://upload.wikimedia.org/wikipedia/en/thumb/7/71/Al_Bayt_Stadium_architecture.jpg/250px-Al_Bayt_Stadium_architecture.jpg,,"[25.6521339, 51.4878055]"
120,Benjamin Mkapa National Stadium,60000,Africa,Tanzania,Dar es-Salaam,https://upload.wikimedia.org/wikipedia/commons/thumb/e/ef/Tanzania_National_Main_Stadium_Aerial.jpg/250px-Tanzania_National_Main_Stadium_Aerial.jpg,"Tanzania national football team, Young Africans","[-6.8535747, 39.2732935]"
121,Hefei Olympic Sports Centre Stadium,60000,East Asia,China,"Hefei, Anhui",https://upload.wikimedia.org/wikipedia/commons/thumb/8/8e/Hefei_Olympic_Sports_Center_Stadium.jpg/250px-Hefei_Olympic_Sports_Center_Stadium.jpg,Anhui Jiufang,"[31.797877, 117.222612]"
122,Jaber al-Ahmad International Stadium,60000,West Asia,Kuwait,Kuwait City,https://upload.wikimedia.org/wikipedia/en/thumb/1/18/Jaber_Al-Ahmad_International_Stadium_2019_local.png/250px-Jaber_Al-Ahmad_International_Stadium_2019_local.png,Kuwait national football team,"[29.2714649, 47.9187755]"
123,Hammadi Agrebi Stadium,60000,Africa,Tunisia,Tunis,https://upload.wikimedia.org/wikipedia/commons/thumb/0/02/Mozambique-Tunisia_match_2009.jpg/250px-Mozambique-Tunisia_match_2009.jpg,Tunisia national football team,"[36.7477717, 10.27314]"
124,Jawaharlal Nehru Stadium,60000,South Asia,India,New Delhi,https://upload.wikimedia.org/wikipedia/commons/thumb/a/a0/Jawaharlal_Nehru_Stadium%2C_New_Delhi.png/250px-Jawaharlal_Nehru_Stadium%2C_New_Delhi.png,,"[28.583377, 77.2335404]"
125,Mogadishu Stadium,60000,Africa,Somalia,Mogadishu,https://upload.wikimedia.org/wikipedia/commons/thumb/e/e0/Mogadishustadium.jpg/250px-Mogadishustadium.jpg,Somalia national football team,"[2.0674672, 45.3354647]"
126,National Heroes Stadium,60000,Africa,Zambia,Lusaka,https://upload.wikimedia.org/wikipedia/commons/thumb/f/fe/Inauguration_of_Edgar_Lungu.jpg/250px-Inauguration_of_Edgar_Lungu.jpg,Zambian national football team,"[-15.3695067, 28.273742]"
127,Autzen Stadium,60000,North America,United States,"Eugene, Oregon",https://upload.wikimedia.org/wikipedia/commons/thumb/3/34/Autzen_Stadium_at_night.jpg/250px-Autzen_Stadium_at_night.jpg,,"[44.0582178, -123.0684379]"
128,Odi Stadium,60000,Africa,South Africa,"Mabopane, Gauteng",https://upload.wikimedia.org/wikipedia/commons/thumb/0/0a/No-image-available.png/480px-No-image-available.png,,"[-25.5216914, 28.0405651]"
129,Morodok Techo National Stadium,60000,Southeast Asia,Cambodia,Phnom Penh,https://upload.wikimedia.org/wikipedia/commons/thumb/0/0a/No-image-available.png/480px-No-image-available.png,Cambodia national football team,"[11.6829771, 104.8763078]"
130,Shenyang Olympic Sports Centre Stadium,60000,East Asia,China,"Shenyang, Liaoning",https://upload.wikimedia.org/wikipedia/commons/thumb/5/52/Shenyang_Olympic_Sports_Center_Stadium_drone_view_1.jpg/250px-Shenyang_Olympic_Sports_Center_Stadium_drone_view_1.jpg,,"[41.7391127, 123.457442]"
131,Optus Stadium,60000,Oceania,Australia,"Perth, Western Australia",https://upload.wikimedia.org/wikipedia/commons/thumb/c/cb/Perth_Stadium_opening_210118_gnangarra-10.jpg/250px-Perth_Stadium_opening_210118_gnangarra-10.jpg,"Perth Glory FC, Fremantle Dockers, West Coast Eagles","[-31.9510448, 115.8890756]"
132,National Sports Stadium,60000,Africa,Zimbabwe,Harare,https://upload.wikimedia.org/wikipedia/commons/thumb/a/a6/2003_Harare_Stadium%2C_Zimbabwe_557109164.jpg/250px-2003_Harare_Stadium%2C_Zimbabwe_557109164.jpg,Zimbabwe national football team,"[-17.8214149, 30.9950735]"
133,Estadio Monumental Isidro Romero Carbo,59283,South America,Ecuador,Guayaquil,https://upload.wikimedia.org/wikipedia/commons/thumb/3/30/Estadio_Monumental_de_Barcelona.jpg/250px-Estadio_Monumental_de_Barcelona.jpg,Barcelona Sporting Club,"[-2.1858223, -79.92497]"
134,Groupama Stadium,59186,Europe,France,Décines-Charpieu,https://upload.wikimedia.org/wikipedia/commons/thumb/c/c4/Stade_Lumi%C3%A8re.jpg/250px-Stade_Lumi%C3%A8re.jpg,Olympique Lyonnais,"[45.7653624, 4.9820543]"
135,Chongqing Olympic Sports Centre Stadium,58680,East Asia,China,Chongqing,https://upload.wikimedia.org/wikipedia/commons/thumb/e/e1/Chongqing_Olympic_Stadium.jpg/250px-Chongqing_Olympic_Stadium.jpg,,"[29.5286397, 106.5021603]"
136,Kazimierz Górski National Stadium,58580,Europe,Poland,Warsaw,https://upload.wikimedia.org/wikipedia/commons/thumb/7/76/National_Stadium_panorama.jpg/250px-National_Stadium_panorama.jpg,Poland national football team,"[52.2337172, 21.0714322]"
137,Stadio San Nicola,58270,Europe,Italy,"Bari, Apulia",https://upload.wikimedia.org/wikipedia/commons/thumb/7/7f/Nuoviseggiolinisannicola.jpg/250px-Nuoviseggiolinisannicola.jpg,SSC Bari,"[41.0847276, 16.8400849]"
138,Commanders Field,58000,North America,United States,"Landover, Maryland",https://upload.wikimedia.org/wikipedia/commons/thumb/7/78/FedexField2014.jpg/250px-FedexField2014.jpg,Washington Commanders,"[38.9253129, -76.8815433]"
139,Deutsche Bank Park,58000,Europe,Germany,Frankfurt,https://upload.wikimedia.org/wikipedia/commons/thumb/f/f4/Commerzbank-Arena_%28Haupttrib%C3%BCne%29.JPG/250px-Commerzbank-Arena_%28Haupttrib%C3%BCne%29.JPG,Eintracht Frankfurt,"[50.0686103, 8.6454154]"
140,Estadio La Cartuja de Sevilla,57619,Europe,Spain,Seville,https://upload.wikimedia.org/wikipedia/commons/thumb/7/7b/Panoramio_-_V%26A_Dudush_-_Estadio_Ol%C3%ADmpico_57_619.jpg/250px-Panoramio_-_V%26A_Dudush_-_Estadio_Ol%C3%ADmpico_57_619.jpg,,"[37.4172352, -6.0046134]"
141,Carter–Finley Stadium,57583,North America,United States,"Raleigh, North Carolina",https://upload.wikimedia.org/wikipedia/commons/thumb/2/2e/Carter_Finley_Stadium_at_Sunset.jpg/250px-Carter_Finley_Stadium_at_Sunset.jpg,NC State Wolfpack football,"[35.8008464, -78.7196045]"
142,La Bombonera,57200,South America,Argentina,Buenos Aires,https://upload.wikimedia.org/wikipedia/commons/thumb/9/99/La_Bombonera.jpg/250px-La_Bombonera.jpg,CA Boca Juniors,"[-34.6355171, -58.3649163]"
143,Volksparkstadion,57030,Europe,Germany,Hamburg,https://upload.wikimedia.org/wikipedia/commons/thumb/7/79/Volksparkstadion_Panorama.jpg/250px-Volksparkstadion_Panorama.jpg,Hamburger SV,"[53.5871535, 9.8987056]"
144,Estadio Mario Alberto Kempes,57000,South America,Argentina,Córdoba,https://upload.wikimedia.org/wikipedia/commons/thumb/d/d9/Estadio_Kempes_luego_de_finalizar_un_partido.jpg/250px-Estadio_Kempes_luego_de_finalizar_un_partido.jpg,"Talleres de Córdoba, some Belgrano de Córdoba matches.","[-31.3688468, -64.2461451]"
145,Jinan Olympic Sports Centre Stadium,56808,East Asia,China,"Jinan, Shandong",https://upload.wikimedia.org/wikipedia/commons/thumb/1/1f/JinanOlympic.JPG/250px-JinanOlympic.JPG,Shandong Taishan,"[36.6563763, 117.1102322]"
146,Estadio Jalisco,56713,North America,Mexico,"Guadalajara, Jalisco",https://upload.wikimedia.org/wikipedia/commons/thumb/8/82/Estadio_Jalisco_06022022.jpg/250px-Estadio_Jalisco_06022022.jpg,Atlas,"[20.7047701, -103.3276846]"
147,Commonwealth Stadium,56302,North America,Canada,"Edmonton, Alberta",https://upload.wikimedia.org/wikipedia/commons/thumb/f/f3/Commonwealth_Stadium.jpg/250px-Commonwealth_Stadium.jpg,"Edmonton Elks, Canadian men's and women's national teams","[53.5596586, -113.4764233]"
148,Dodger Stadium,56000,North America,United States,Los Angeles,https://upload.wikimedia.org/wikipedia/commons/thumb/d/d2/Dodger_Stadium_field_from_upper_deck_2015-10-04.jpg/250px-Dodger_Stadium_field_from_upper_deck_2015-10-04.jpg,Los Angeles Dodgers,"[34.0736255, -118.2398452]"
149,19 May 1956 Stadium,56000,Africa,Algeria,Annaba,https://upload.wikimedia.org/wikipedia/commons/thumb/8/88/Annaba_Stadium.jpg/250px-Annaba_Stadium.jpg,USM Annaba,"[36.8858551, 7.7339276]"
150,Estadi Olímpic Lluís Companys,55926,Europe,Spain,"Barcelona, Catalonia",https://upload.wikimedia.org/wikipedia/commons/thumb/f/ff/Estadi_Ol%C3%ADmpic_Llu%C3%ADs_Companys_-_Barcelona%2C_Spain_-_Jan_2007.jpg/250px-Estadi_Ol%C3%ADmpic_Llu%C3%ADs_Companys_-_Barcelona%2C_Spain_-_Jan_2007.jpg,,"[41.36472, 2.1556451]"
151,El Cilindro,55880,South America,Argentina,Avellaneda,https://upload.wikimedia.org/wikipedia/commons/thumb/8/8e/Racing_Club_vs._Corinthians_-_CONMEBOL_Sudamericana_2024.jpg/250px-Racing_Club_vs._Corinthians_-_CONMEBOL_Sudamericana_2024.jpg,Racing,"[-34.6675758, -58.3685308]"
152,Arena do Grêmio,55662,South America,Brazil,"Porto Alegre, Rio Grande do Sul",https://upload.wikimedia.org/wikipedia/commons/thumb/a/a2/Arena_do_Gr%C3%AAmio.jpg/250px-Arena_do_Gr%C3%AAmio.jpg,Grêmio FBPA,"[-29.9740429, -51.1951073]"
153,Arena Națională,55634,Europe,Romania,Bucharest,https://upload.wikimedia.org/wikipedia/commons/thumb/1/1a/Stadionul_National_-_National_Arena_3.jpg/250px-Stadionul_National_-_National_Arena_3.jpg,Romania national football team,"[44.4372494, 26.1524758]"
154,Stadion Rajko Mitić,55538,Europe,Serbia,Belgrade,https://upload.wikimedia.org/wikipedia/commons/thumb/7/70/Zvezda_stadion.jpg/250px-Zvezda_stadion.jpg,"Red Star Belgrade, Serbia national football team","[44.7832202, 20.4646751]"
155,Stadion Śląski,55211,Europe,Poland,Chorzów,https://upload.wikimedia.org/wikipedia/commons/thumb/c/c4/Widok_bramka.jpg/250px-Widok_bramka.jpg,"Poland national football team, Ruch Chorzów","[50.2882457, 18.9734993]"
156,Etihad Stadium,55097,Europe,England,"Manchester, North West England",https://upload.wikimedia.org/wikipedia/commons/thumb/b/b8/Etihad_Stadium.jpg/250px-Etihad_Stadium.jpg,Manchester City,"[53.4831448, -2.2005273]"
157,Moi International Sports Centre,55000,Africa,Kenya,Nairobi,https://upload.wikimedia.org/wikipedia/commons/thumb/9/9c/Inside_the_Kasarani_Stadium.jpg/250px-Inside_the_Kasarani_Stadium.jpg,Kenya national football team,"[-1.2275475, 36.890182]"
158,Mestalla,55000,Europe,Spain,Valencia,https://upload.wikimedia.org/wikipedia/commons/thumb/a/af/CAMP_DE_MESTALLA_GRADA_DE_LA_MAR_2014_%282%29.JPG/250px-CAMP_DE_MESTALLA_GRADA_DE_LA_MAR_2014_%282%29.JPG,Valencia CF,"[39.4745279, -0.3581566]"
159,National Stadium,55000,Southeast Asia,Singapore,Singapore,https://upload.wikimedia.org/wikipedia/commons/thumb/f/f5/SingaporeNationalStadiumJapanBrazilFootball.jpg/250px-SingaporeNationalStadiumJapanBrazilFootball.jpg,Singapore national football team,"[1.3044909, 103.8743437]"
160,National Stadium,55000,East Asia,Taiwan,Kaohsiung,https://upload.wikimedia.org/wikipedia/commons/thumb/5/5f/The_Main_Stadium_for_2009_World_Games_panorama.jpg/250px-The_Main_Stadium_for_2009_World_Games_panorama.jpg,Chinese Taipei national football team,"[22.7028534, 120.2936331]"
161,He Long Stadium,55000,East Asia,China,"Changsha, Hunan",https://upload.wikimedia.org/wikipedia/commons/thumb/7/75/Helong_Stadium.jpg/250px-Helong_Stadium.jpg,,"[28.181759, 112.9773897]"
162,Cape Town Stadium,55000,Africa,South Africa,"Cape Town, Western Cape",https://upload.wikimedia.org/wikipedia/commons/thumb/0/06/Cape_Town_Stadium_Inside.jpg/250px-Cape_Town_Stadium_Inside.jpg,"Cape Town City FC, DHL Western Cape Stormers","[-33.9034601, 18.4111458]"
163,Plovdiv Stadium,55000,Europe,Bulgaria,Plovdiv,https://upload.wikimedia.org/wikipedia/commons/thumb/0/0c/Plovdiv_Stadium.JPG/250px-Plovdiv_Stadium.JPG,,"[42.1497674, 24.7199114]"
164,Bobby Dodd Stadium,55000,North America,United States,Atlanta,https://upload.wikimedia.org/wikipedia/commons/thumb/a/a4/BDS2013.jpg/250px-BDS2013.jpg,Georgia Tech Yellow Jackets football,"[33.772476, -84.3929589]"
165,Johan Cruijff Arena,54990,Europe,Netherlands,Amsterdam,https://upload.wikimedia.org/wikipedia/commons/thumb/7/73/Ajax_0_Chelsea_1_%2823Oct19%29.jpg/250px-Ajax_0_Chelsea_1_%2823Oct19%29.jpg,AFC Ajax,"[52.314353, 4.9428431]"
166,Tianhe Stadium,54856,East Asia,China,"Guangzhou, Guangdong",https://upload.wikimedia.org/wikipedia/commons/thumb/1/1f/Tianhe_Stadium.jpg/250px-Tianhe_Stadium.jpg,,"[23.1405033, 113.3193597]"
167,Stadio Diego Armando Maradona,54726,Europe,Italy,Naples,https://upload.wikimedia.org/wikipedia/commons/thumb/f/f0/Braciere_olimpico_XXX_Universiade_Napoli_2019.jpg/250px-Braciere_olimpico_XXX_Universiade_Napoli_2019.jpg,SSC Napoli,"[40.8279773, 14.192889]"
168,Tianjin Olympic Sports Centre Stadium,54696,East Asia,China,Tianjin,https://upload.wikimedia.org/wikipedia/commons/thumb/7/72/Tianjin_Olympic_Center_Stadium.jpg/250px-Tianjin_Olympic_Center_Stadium.jpg,Tianjin Teda,"[39.3032619, 117.4163641]"
169,MERKUR SPIEL-ARENA,54600,Europe,Germany,Düsseldorf,https://upload.wikimedia.org/wikipedia/commons/thumb/a/a7/LTU_arena_panorama.jpg/250px-LTU_arena_panorama.jpg,Fortuna Düsseldorf,"[51.261629, 6.7331516]"
170,Boris Paitchadze Dinamo Arena,54549,West Asia,Georgia,Tbilisi,https://upload.wikimedia.org/wikipedia/commons/thumb/3/38/Boris_Paichadze_Dinamo_Arena%2C_Samtredia_-_Qaraba%C4%9F.jpg/250px-Boris_Paichadze_Dinamo_Arena%2C_Samtredia_-_Qaraba%C4%9F.jpg,"Georgia national football team, FC Dinamo Tbilisi","[41.7230285, 44.7897943]"
171,Wuhan Sports Centre Stadium,54357,East Asia,China,"Wuhan, Hubei",https://upload.wikimedia.org/wikipedia/commons/thumb/6/6d/Wuhan_Sport_Centre_01.jpg/250px-Wuhan_Sport_Centre_01.jpg,,"[30.5024679, 114.1661281]"
172,BC Place Stadium,54320,North America,Canada,"Vancouver, British Columbia",https://upload.wikimedia.org/wikipedia/commons/thumb/f/ff/BC_Place_2015_Women%27s_FIFA_World_Cup.jpg/250px-BC_Place_2015_Women%27s_FIFA_World_Cup.jpg,"Vancouver Whitecaps FC, BC Lions","[49.2766905, -123.1120062]"
173,Yankee Stadium,54251,North America,United States,New York City,https://upload.wikimedia.org/wikipedia/commons/thumb/5/5f/YankeeStadium-9-21-22-1.jpg/250px-YankeeStadium-9-21-22-1.jpg,"New York Yankees, New York City FC","[40.8295828, -73.9265212]"
174,Hrazdan Stadium,54208,West Asia,Armenia,Yerevan,https://upload.wikimedia.org/wikipedia/commons/thumb/7/71/HrazdanArmeniaTurkey.JPG/250px-HrazdanArmeniaTurkey.JPG,"FC Ararat Yerevan, Ulisses FC","[40.1803671, 44.4946703]"
175,BORUSSIA-PARK,54057,Europe,Germany,Mönchengladbach,https://upload.wikimedia.org/wikipedia/commons/thumb/5/5d/Borussia-Park_DEU-FRA_2011.jpg/250px-Borussia-Park_DEU-FRA_2011.jpg,Borussia Mönchengladbach,"[51.1746249, 6.3854094]"
176,Moses Mabhida Stadium,54000,Africa,South Africa,"Durban, KwaZulu-Natal",https://upload.wikimedia.org/wikipedia/commons/thumb/9/9c/FIFA_World_Cup_2010_Netherlands_Japan.jpg/250px-FIFA_World_Cup_2010_Netherlands_Japan.jpg,"AmaZulu FC, Cell C Durban Sharks","[-29.8290201, 31.0313741]"
177,RAMS Park,53978,Europe,Turkey,Istanbul,https://upload.wikimedia.org/wikipedia/commons/thumb/d/d7/Galatasaray_Arena_North-West_Corner.jpg/250px-Galatasaray_Arena_North-West_Corner.jpg,Galatasaray,"[41.103369, 28.9909522]"
178,Busan Asiad Main Stadium,53864,East Asia,South Korea,Busan,https://upload.wikimedia.org/wikipedia/commons/thumb/7/73/BusanAsiadStadium.jpg/250px-BusanAsiadStadium.jpg,Busan IPark,"[35.1900767, 129.0595481]"
179,Estádio Estadual Jornalista Edgar Augusto Proença,53645,South America,Brazil,"Belém, Pará",https://upload.wikimedia.org/wikipedia/commons/thumb/6/6e/Mangueir%C3%A3o_em_2023.jpg/250px-Mangueir%C3%A3o_em_2023.jpg,"Paysandu SC, Clube do Remo, Tuna Luso Brasileira, SC Belem","[-1.3811727, -48.4439318]"
180,Estadio Único Diego Armando Maradona,53600,South America,Argentina,La Plata,https://upload.wikimedia.org/wikipedia/commons/thumb/8/88/EstadioUnicoLaPlata_Interior_June2014.jpg/250px-EstadioUnicoLaPlata_Interior_June2014.jpg,,"[-34.9138408, -57.9890476]"
181,Adelaide Oval,53500,Oceania,Australia,"Adelaide, South Australia",https://upload.wikimedia.org/wikipedia/commons/thumb/a/a3/After_Game_Kick_and_Catch_%2813750115664%29.jpg/250px-After_Game_Kick_and_Catch_%2813750115664%29.jpg,"Adelaide Crows, Port Adelaide Power","[-34.9155596, 138.5962772]"
182,Docklands Stadium,53359,Oceania,Australia,"Melbourne, Victoria",https://upload.wikimedia.org/wikipedia/commons/thumb/7/71/Melbourne_Derby_December_2014.jpg/250px-Melbourne_Derby_December_2014.jpg,"Western Bulldogs, Essendon, St. Kilda, Carlton, North Melbourne","[-37.816529, 144.947517]"
183,Estádio Municipal João Havelange,53350,South America,Brazil,"Uberlândia, Minas Gerais",https://upload.wikimedia.org/wikipedia/commons/thumb/2/2f/Est%C3%A1dio_Parque_do_Sabi%C3%A1.jpg/250px-Est%C3%A1dio_Parque_do_Sabi%C3%A1.jpg,Uberlânia EC,"[-18.9188041, -48.2767837]"
184,San Mamés,53332,Europe,Spain,Bilbao,https://upload.wikimedia.org/wikipedia/commons/thumb/f/f8/San_Mames%2C_Bilbao%2C_Euskal_Herria_-_Basque_Country.jpg/250px-San_Mames%2C_Bilbao%2C_Euskal_Herria_-_Basque_Country.jpg,Athletic Bilbao,"[43.264204, -2.9493915]"
185,Aleppo International Stadium,53200,West Asia,Syria,Aleppo,https://upload.wikimedia.org/wikipedia/commons/thumb/b/be/Aleppo_International_Stadium%2C_day_view%2C_2009_%281%29.jpg/250px-Aleppo_International_Stadium%2C_day_view%2C_2009_%281%29.jpg,Al-Ittihad,"[36.1849318, 37.1176418]"
186,Estadio Nacional,53086,South America,Peru,Lima,https://upload.wikimedia.org/wikipedia/commons/thumb/b/b8/Estadio_Nacional_nuevo_07_10_2011.jpg/250px-Estadio_Nacional_nuevo_07_10_2011.jpg,Peru national football team,"[-12.0670683, -77.0338629]"
187,Huanglong Stadium,52672,East Asia,China,"Hangzhou, Zhejiang",https://upload.wikimedia.org/wikipedia/commons/thumb/5/53/Hangzhou-yellow-dragon-stad.jpg/250px-Hangzhou-yellow-dragon-stad.jpg,Hangzhou FC,"[30.2489634, 120.2052342]"
188,Suncorp Stadium,52500,Oceania,Australia,"Brisbane, Queensland",https://upload.wikimedia.org/wikipedia/commons/thumb/4/46/Suncorpstadium071006a.JPG/250px-Suncorpstadium071006a.JPG,"Brisbane Broncos, Queensland Maroons, Brisbane Roar FC, Queensland Reds","[-27.4648603, 153.0096055]"
189,St. James' Park,52405,Europe,England,"Newcastle upon Tyne, North East",https://upload.wikimedia.org/wikipedia/commons/thumb/6/6e/StJamesParkPanorama.jpg/250px-StJamesParkPanorama.jpg,Newcastle United,"[54.9754693, -1.6218737]"
190,Kings Park Stadium,52000,Africa,South Africa,"Durban, KwaZulu-Natal",https://upload.wikimedia.org/wikipedia/commons/thumb/b/bc/Kings_Park_panorama.jpg/250px-Kings_Park_panorama.jpg,"Lamontville Golden Arrows, Cell C Durban Sharks","[-29.8248051, 31.0289735]"
191,Newlands Stadium,51900,Africa,South Africa,"Cape Town, Western Cape",https://upload.wikimedia.org/wikipedia/commons/thumb/4/48/Proudly_South_African.jpg/250px-Proudly_South_African.jpg,,"[-33.9705226, 18.4685626]"
192,Hampden Park,51866,Europe,Scotland,Glasgow,https://upload.wikimedia.org/wikipedia/commons/thumb/d/dc/Hampden_Park%2C_January_2023.jpg/250px-Hampden_Park%2C_January_2023.jpg,"Scotland national football team, Queen's Park","[55.826014, -4.2519271]"
193,Estadio Monumental de Maturín,51796,South America,Venezuela,Maturín,https://upload.wikimedia.org/wikipedia/commons/thumb/8/8d/Monumental_de_maturin_3.jpg/250px-Monumental_de_maturin_3.jpg,Monagas Sport Club,"[9.7422774, -63.1888854]"
194,Loftus Versfeld Stadium,51762,Africa,South Africa,"Pretoria, Gauteng",https://upload.wikimedia.org/wikipedia/commons/thumb/6/6c/Loftus_Versfeld_Game_Night.JPG/250px-Loftus_Versfeld_Game_Night.JPG,SuperSport United and Vodacom Pretoria Bulls,"[-25.7532347, 28.2229327]"
195,Aviva Stadium,51700,Europe,Ireland,Dublin,https://upload.wikimedia.org/wikipedia/commons/thumb/a/a1/Aviva_Stadium_Panoramic.jpg/250px-Aviva_Stadium_Panoramic.jpg,"Leinster Rugby, Republic of Ireland national football team, Ireland national rugby union team","[53.3352254, -6.2281851]"
196,Guiyang Olympic Sports Centre Stadium,51638,East Asia,China,"Guiyang, Guizhou",https://upload.wikimedia.org/wikipedia/commons/thumb/c/c3/Guiyang_Olympic_Sports_Center.jpg/250px-Guiyang_Olympic_Sports_Center.jpg,,"[26.6206664, 106.6058467]"
197,Hohhot City Stadium,51632,East Asia,China,"Hohhot, Inner Mongolia",https://upload.wikimedia.org/wikipedia/commons/thumb/5/57/Hohhot_City_Stadium.jpg/250px-Hohhot_City_Stadium.jpg,,"[40.8511397, 111.6504625]"
198,Rajamangala National Stadium,51552,Southeast Asia,Thailand,Bangkok,https://upload.wikimedia.org/wikipedia/commons/thumb/0/06/Rajamangala_Stadium_Panorama.jpg/250px-Rajamangala_Stadium_Panorama.jpg,Thailand national football team,"[13.7554291, 100.6221559]"
199,Donbas Arena,51504,Europe,Ukraine,Donetsk,https://upload.wikimedia.org/wikipedia/en/thumb/8/8c/Donbass_Arena.jpg/250px-Donbass_Arena.jpg,,"[48.0211038, 37.8090531]"
200,İzmir Atatürk Stadyumu,51295,West Asia,Turkey,İzmir,https://upload.wikimedia.org/wikipedia/commons/thumb/e/ec/%C4%B0zmir_Atat%C3%BCrk_Stadyumu.jpg/250px-%C4%B0zmir_Atat%C3%BCrk_Stadyumu.jpg,"Altay SK, Göztepe AŞ","[38.4349835, 27.1780113]"
201,Stadion Feijenoord,51117,Europe,Netherlands,Rotterdam,https://upload.wikimedia.org/wikipedia/commons/thumb/8/89/Rotterdam_De_Kuip_1.jpg/250px-Rotterdam_De_Kuip_1.jpg,Feyenoord,"[51.8938646, 4.5232281]"
202,Estadio BBVA,51000,North America,Mexico,Monterrey,https://upload.wikimedia.org/wikipedia/commons/thumb/f/f9/Estadio_BBVA.jpg/250px-Estadio_BBVA.jpg,CF Monterrey,"[25.6691103, -100.2443559]"
203,Ghadir Stadium,51000,West Asia,Iran,Ahvaz,https://upload.wikimedia.org/wikipedia/commons/thumb/5/5a/Al-Ghadeer_Stadium.jpg/250px-Al-Ghadeer_Stadium.jpg,Foolad FC,"[31.3230637, 48.67932]"
204,Estádio José Pinheiro Borda,50942,South America,Brazil,Porto Alegre. Rio Grande do Sul,https://upload.wikimedia.org/wikipedia/commons/thumb/3/31/Beira-Rio-Stadium-Porto-Alegre-Brazil.jpg/250px-Beira-Rio-Stadium-Porto-Alegre-Brazil.jpg,SC Internacional,"[-30.0654898, -51.2349178]"
205,Ibrox Stadium,50817,Europe,Scotland,Glasgow,https://upload.wikimedia.org/wikipedia/commons/thumb/4/41/Rangers-SM_%281%29.jpg/250px-Rangers-SM_%281%29.jpg,Rangers FC,"[55.8532206, -4.3093239]"
206,Shizuoka Stadium,50889,East Asia,Japan,"Fukuroi, Shizuoka",https://upload.wikimedia.org/wikipedia/commons/thumb/d/d7/Ecopa030304.jpg/250px-Ecopa030304.jpg,"Júbilo Iwata, Shimizu S-Pulse, Shizuoka Blue Revs","[34.7434304, 137.9707289]"
207,Ernst-Happel-Stadion,50865,Europe,Austria,Vienna,https://upload.wikimedia.org/wikipedia/commons/thumb/3/3c/EM_2008_Elfmeter_Kroatien_%C3%96sterreich.jpg/250px-EM_2008_Elfmeter_Kroatien_%C3%96sterreich.jpg,Austria national football team,"[48.2071894, 16.4209171]"
208,Huntington Bank Stadium,50805,North America,United States,Minneapolis,https://upload.wikimedia.org/wikipedia/commons/thumb/c/cf/MNUFCTCF.jpeg/250px-MNUFCTCF.jpeg,Minnesota Golden Gophers football,"[44.9765396, -93.2240767]"
209,Hocine Ait Ahmed Stadium,50766,Africa,Algeria,Tizi Ouzou,https://upload.wikimedia.org/wikipedia/commons/thumb/e/e2/Tizi_Ouzou_Stadium_at_night.jpg/250px-Tizi_Ouzou_Stadium_at_night.jpg,JS Kabylie,"[36.7291289, 4.0126574]"
210,Estadio Cuauhtémoc,50754,North America,Mexico,Puebla,https://upload.wikimedia.org/wikipedia/commons/thumb/2/24/Rampa_norte.jpg/250px-Rampa_norte.jpg,Puebla FC,"[19.0780538, -98.1643653]"
211,Strawberry Arena,50653,Europe,Sweden,Solna,https://upload.wikimedia.org/wikipedia/commons/thumb/2/2b/FriendsArena_SwedenSpain.jpg/250px-FriendsArena_SwedenSpain.jpg,"Sweden men's national football team, AIK Fotboll","[59.3725039, 18.0016672]"
212,Ülker Stadyumu,50509,West Asia,Turkey,Istanbul,https://upload.wikimedia.org/wikipedia/commons/thumb/6/67/Sukrusaracoglu.jpg/250px-Sukrusaracoglu.jpg,Fenerbahçe,"[40.9875806, 29.0369773]"
213,Stanford Stadium,50424,North America,United States,"Palo Alto, California",https://upload.wikimedia.org/wikipedia/commons/thumb/d/da/2008-1115-006-USC-Stanford-PAN.jpg/250px-2008-1115-006-USC-Stanford-PAN.jpg,,"[37.4345264, -122.1619867]"
214,Stade Pierre-Mauroy,50186,Europe,France,Villeneuve-d'Ascq,https://upload.wikimedia.org/wikipedia/commons/thumb/9/90/Mauroy_Stadium_Eurobasket_2015.JPG/250px-Mauroy_Stadium_Eurobasket_2015.JPG,Lille OSC,"[50.6119044, 3.130508]"
215,Stade Roi Baudouin,50122,Europe,Belgium,Brussels,https://upload.wikimedia.org/wikipedia/commons/thumb/a/a4/Stade_Roi_Baudouin.JPG/250px-Stade_Roi_Baudouin.JPG,Belgium national football team,"[50.8957221, 4.3341279]"
216,Shaanxi Province Stadium,50100,East Asia,China,"Xi'an, Shaanxi",https://upload.wikimedia.org/wikipedia/commons/thumb/0/0a/No-image-available.png/480px-No-image-available.png,,"[34.2340542, 108.9365826]"
217,Ajinomoto Stadium,50100,East Asia,Japan,"Chofu, Tokyo",https://upload.wikimedia.org/wikipedia/commons/thumb/5/5c/Ajinomoto_Stadium_2018-13.jpg/250px-Ajinomoto_Stadium_2018-13.jpg,"FC Tokyo, Tokyo Verdy, Tokyo Sungoliath, Toshiba Brave Lupus Tokyo","[35.6641865, 139.5270752]"
218,Estádio José Alvalade,50095,Europe,Portugal,Lisbon,https://upload.wikimedia.org/wikipedia/commons/thumb/c/cc/Alvalade0023.jpg/250px-Alvalade0023.jpg,Sporting CP,"[38.7612164, -9.1607831]"
219,Estádio do Dragão,50033,Europe,Portugal,Porto,https://upload.wikimedia.org/wikipedia/commons/thumb/b/b8/Porto_Est%C3%A1dio_do_Drag%C3%A3o_2.jpg/250px-Porto_Est%C3%A1dio_do_Drag%C3%A3o_2.jpg,FC Porto,"[41.1618235, -8.5837492]"
220,Casa de Apostas Arena Fonte Nova,50025,South America,Brazil,"Salvador, Bahia",https://upload.wikimedia.org/wikipedia/commons/thumb/3/35/Arena_Fonte_Nova_External_View.jpg/250px-Arena_Fonte_Nova_External_View.jpg,EC Bahia,"[-12.9787926, -38.5035601]"
221,Stade Tata Raphaël,50000,Africa,DR Congo,Kinshasa,https://upload.wikimedia.org/wikipedia/commons/thumb/0/0a/No-image-available.png/480px-No-image-available.png,"AS Vita Club, DC Motema Pembe","[-4.3379266, 15.3226297]"
222,Stade Olympique de Sousse,50000,Africa,Tunisia,Sousse,https://upload.wikimedia.org/wikipedia/commons/thumb/b/be/Stade_olympique_de_Sousse.jpg/250px-Stade_olympique_de_Sousse.jpg,Étoile du Sahel,"[35.8234702, 10.6135481]"
223,RheinEnergieSTADION,50000,Europe,Germany,Cologne,https://upload.wikimedia.org/wikipedia/commons/thumb/8/82/FIFA_WM06_Stadion_Koeln.jpg/250px-FIFA_WM06_Stadion_Koeln.jpg,1. FC Köln,"[50.9335055, 6.8751167]"
224,Harbin Sports City Centre Stadium,50000,East Asia,China,"Harbin, Heilongjiang",https://upload.wikimedia.org/wikipedia/commons/thumb/0/0a/No-image-available.png/480px-No-image-available.png,,"[45.7593633, 126.6276177]"
225,Greenfield International Stadium,50000,South Asia,India,Trivandrum,https://upload.wikimedia.org/wikipedia/commons/thumb/3/35/Greenfield_International_Stadium_Kerala.jpg/250px-Greenfield_International_Stadium_Kerala.jpg,,"[8.5723164, 76.8847502]"
226,EMS Stadium,50000,South Asia,India,Kozhikode,https://upload.wikimedia.org/wikipedia/commons/thumb/1/1b/Kozhikode_EMS_Stadium.jpg/250px-Kozhikode_EMS_Stadium.jpg,"India national football team, Gokulam Kerala FC","[11.2563999, 75.7856251]"
227,KD Singh Babu Stadium,50000,South Asia,India,Lucknow,https://upload.wikimedia.org/wikipedia/commons/thumb/6/60/K_D_Singh_Babu_Stadium.jpg/250px-K_D_Singh_Babu_Stadium.jpg,,"[26.8553535, 80.9376841]"
228,Eden Park,50000,Oceania,New Zealand,Auckland,https://upload.wikimedia.org/wikipedia/commons/thumb/e/e6/Auckland_EdenPark.jpg/250px-Auckland_EdenPark.jpg,"Auckland Blues, New Zealand Warriors","[-36.8750352, 174.7440567]"
229,Estádio 11 de Novembro,50000,Africa,Angola,Luanda,https://upload.wikimedia.org/wikipedia/commons/thumb/6/6b/Football_stadium_%286178263468%29.jpg/250px-Football_stadium_%286178263468%29.jpg,"Angola national football team, Primeiro de Agosto, Petro Luanda","[-8.969921, 13.2835311]"
230,Henan Provincial Stadium,50000,East Asia,China,"Zhengzhou, Henan",https://upload.wikimedia.org/wikipedia/commons/thumb/0/0a/No-image-available.png/480px-No-image-available.png,,"[34.8374127, 113.6228562]"
231,Jiangxi Olympic Sports Center,50000,East Asia,China,"Nanchang, Jiangxi",https://upload.wikimedia.org/wikipedia/commons/thumb/0/0a/No-image-available.png/480px-No-image-available.png,,"[28.6472124, 116.0348483]"
232,Max-Morlock-Stadion,50000,Europe,Germany,Nuremberg,https://upload.wikimedia.org/wikipedia/commons/thumb/1/15/Frankenstadion_2.JPG/250px-Frankenstadion_2.JPG,1. FC Nürnberg,"[49.4262569, 11.1256706]"
233,June 11 Stadium,50000,Africa,Libya,Tripoli,https://upload.wikimedia.org/wikipedia/commons/thumb/7/77/11_June_Stadium_BenTaher.jpg/250px-11_June_Stadium_BenTaher.jpg,"Libya, Al-Ahly SC, Al-Ittihad Tripoli, Al-Madina SC","[32.8598956, 13.135806]"
234,Xinjiang Sports Centre Stadium,50000,East Asia,China,"Urumqi, Xinjiang",https://upload.wikimedia.org/wikipedia/commons/thumb/0/0a/No-image-available.png/480px-No-image-available.png,,"[43.8244074, 87.6139038]"
235,Kim Il-sung Stadium,50000,East Asia,North Korea,Pyongyang,https://upload.wikimedia.org/wikipedia/commons/thumb/3/39/North_Korea_v_Philippines%2C_8_October_2015_F.png/250px-North_Korea_v_Philippines%2C_8_October_2015_F.png,Pyongyang City Sports Club,"[39.0438585, 125.7577377]"
236,EDION Stadium Hiroshima,50000,East Asia,Japan,Hiroshima,https://upload.wikimedia.org/wikipedia/commons/thumb/3/3e/Big_Arch_Stadium_Panorama.jpg/250px-Big_Arch_Stadium_Panorama.jpg,Sanfrecce Hiroshima,"[34.4015066, 132.4545843]"
237,Pars Shiraz Stadium,50000,West Asia,Iran,Shiraz,https://upload.wikimedia.org/wikipedia/commons/thumb/b/be/Pars_Stadium_Photos_Image_6.jpg/250px-Pars_Stadium_Photos_Image_6.jpg,Fajr Sepasi Shiraz FC,"[29.6060218, 52.5378041]"
238,Stade du 26 mars,50000,Africa,Mali,Bamako,https://upload.wikimedia.org/wikipedia/commons/thumb/1/10/Stade_du_26-mars.png/250px-Stade_du_26-mars.png,Stade Malien,"[12.6043766, -7.9217374]"
239,Stade Abdoulaye Wade,50000,Africa,Senegal,Dakar,https://upload.wikimedia.org/wikipedia/commons/thumb/0/0a/No-image-available.png/480px-No-image-available.png,Senegal national football team,"[14.7327571, -17.2014923]"
240,Sultan Mizan Zainal Abidin Stadium,50000,Southeast Asia,Malaysia,Kuala Terengganu,https://upload.wikimedia.org/wikipedia/commons/thumb/0/00/Sultan_Mizan_Zainal_Abidin_Stadium_%28Night%29_2021.jpg/250px-Sultan_Mizan_Zainal_Abidin_Stadium_%28Night%29_2021.jpg,Terengganu FA,"[5.3697135, 103.1056812]"
241,Estadio Akron,49850,North America,Mexico,Guadalajara,https://upload.wikimedia.org/wikipedia/commons/thumb/f/f1/Omnilife_Stadium.png/250px-Omnilife_Stadium.png,C.D. Guadalajara,"[20.6818469, -103.4626718]"
242,Levy Mwanawasa Stadium,49800,Africa,Zambia,Lusaka,https://upload.wikimedia.org/wikipedia/commons/thumb/0/0a/No-image-available.png/480px-No-image-available.png,Zesco United,"[-12.9755312, 28.6112268]"
243,Fritz-Walter-Stadion,49780,Europe,Germany,Kaiserslautern,https://upload.wikimedia.org/wikipedia/commons/thumb/1/18/Kaiserslautern_18.JPG/250px-Kaiserslautern_18.JPG,1. FC Kaiserslautern,"[49.4345765, 7.7766303]"
244,Estadio José Amalfitani,49540,South America,Argentina,Buenos Aires,https://upload.wikimedia.org/wikipedia/commons/thumb/3/33/Argentina_A_vs_Inglaterra_A_02.JPG/250px-Argentina_A_vs_Inglaterra_A_02.JPG,CA Vélez Sársfield,"[-34.6353382, -58.5206788]"
245,Camille Chamoun Sports City Stadium,49500,West Asia,Lebanon,Beirut,https://upload.wikimedia.org/wikipedia/commons/thumb/a/a8/Camille_Chamoun_Sports_City_Stadium_2018_-_Beirut_derby_%28Nejmeh_fans%29.png/250px-Camille_Chamoun_Sports_City_Stadium_2018_-_Beirut_derby_%28Nejmeh_fans%29.png,"Lebanon national football team, Al Ahed FC, Al Ansar FC, Nejmeh SC","[33.8670781, 35.4951176]"
246,Miyagi Stadium,49133,East Asia,Japan,"Rifu, Miyagi",https://upload.wikimedia.org/wikipedia/commons/thumb/9/9b/MiyagiStadiumTrackField.jpg/250px-MiyagiStadiumTrackField.jpg,Vegalta Sendai,"[38.3353606, 140.9504567]"
247,Incheon Munhak Stadium,49084,East Asia,South Korea,Incheon,https://upload.wikimedia.org/wikipedia/commons/thumb/d/df/Munhak_Stadium_Corner.jpg/250px-Munhak_Stadium_Corner.jpg,,"[37.4350773, 126.6907516]"
248,Heinz-von-Heiden-Arena,49000,Europe,Germany,Hanover,https://upload.wikimedia.org/wikipedia/commons/thumb/9/9e/HDI_Arena%2C_WM_Stadion_2006.jpg/250px-HDI_Arena%2C_WM_Stadion_2006.jpg,Hannover 96,"[52.360026, 9.7310161]"
249,Parc des Princes,48712,Europe,France,Paris,https://upload.wikimedia.org/wikipedia/commons/thumb/8/89/PSG-Nantes_Parc_des_Princes_05.jpg/250px-PSG-Nantes_Parc_des_Princes_05.jpg,Paris Saint-Germain,"[48.8413634, 2.2530693]"
250,Stadium of Light,48707,Europe,England,"Sunderland, Tyne and Wear",https://upload.wikimedia.org/wikipedia/commons/thumb/7/7d/Stadium_of_Light%2C_Sunderland_afc.jpg/250px-Stadium_of_Light%2C_Sunderland_afc.jpg,Sunderland AFC,"[54.9143953, -1.3882579]"
251,Estadio Nacional,48665,South America,Chile,Santiago,https://upload.wikimedia.org/wikipedia/commons/thumb/1/15/Adios_Matador.jpg/250px-Adios_Matador.jpg,"Chile national football team, CF Universidad de Chile","[-33.4623809, -70.6062176]"
252,Nelson Mandela Bay Stadium,48459,Africa,South Africa,"Port Elizabeth, Eastern Cape",https://upload.wikimedia.org/wikipedia/commons/thumb/9/9b/Nelson_Mandela_Stadium_in_Port_Elizabeth_%28cropped%29.jpg/250px-Nelson_Mandela_Stadium_in_Port_Elizabeth_%28cropped%29.jpg,Chippa United FC,"[-33.937792, 25.5994087]"
253,Estadio Tomás Adolfo Ducó,48314,South America,Argentina,Buenos Aires,https://upload.wikimedia.org/wikipedia/commons/thumb/3/3c/Estadio_huracan_interior_tribuna_gcba.jpg/250px-Estadio_huracan_interior_tribuna_gcba.jpg,CA Huracán,"[-34.6434539, -58.3965026]"
254,Jinnah Sports Stadium,48200,South Asia,Pakistan,Islamabad,https://upload.wikimedia.org/wikipedia/commons/thumb/1/12/Jinnah_Sports_Stadium_track_and_field.jpg/250px-Jinnah_Sports_Stadium_track_and_field.jpg,Pakistan national football team,"[33.7004059, 73.0928604]"
255,Estadio Libertadores de América,48069,South America,Argentina,Avellaneda,https://upload.wikimedia.org/wikipedia/commons/thumb/b/b3/Estadio_Libertadores_de_America_2014.JPG/250px-Estadio_Libertadores_de_America_2014.JPG,Club Atlético Independiente,"[-34.6702227, -58.3710378]"
256,Free State Stadium,48000,Africa,South Africa,"Bloemfontein, Free State",https://upload.wikimedia.org/wikipedia/commons/thumb/9/9e/Free_State_Stadium1.jpg/250px-Free_State_Stadium1.jpg,"Bloemfontein Celtic, Toyota Cheetahs","[-29.1172351, 26.2087696]"
257,Nagai Stadium,47816,East Asia,Japan,Osaka,https://upload.wikimedia.org/wikipedia/commons/thumb/3/3e/Nagai_stadium20040717.jpg/250px-Nagai_stadium20040717.jpg,"Cerezo Osaka, NTT DoCoMo Red Hurricanes Osaka","[34.6153577, 135.5165441]"
258,Neo Química Arena,47605,South America,Brazil,"São Paulo, São Paulo",https://upload.wikimedia.org/wikipedia/commons/thumb/6/64/Corinthians_x_Gr%C3%AAmio_-_Brasileir%C3%A3o_2016.jpg/250px-Corinthians_x_Gr%C3%AAmio_-_Brasileir%C3%A3o_2016.jpg,Corinthians,"[-23.5453328, -46.4743055]"
259,Rogers Centre,47568,North America,Canada,"Toronto, Ontario",https://upload.wikimedia.org/wikipedia/commons/thumb/7/79/Toronto_-_ON_-_Rogers_Centre2.jpg/250px-Toronto_-_ON_-_Rogers_Centre2.jpg,"Toronto FC, Toronto Argonauts","[43.6416598, -79.3891976]"
260,Estadio Monumental,47347,South America,Chile,Santiago,https://upload.wikimedia.org/wikipedia/commons/thumb/0/0e/Estadio_Monumental_2009.jpg/250px-Estadio_Monumental_2009.jpg,Colo-Colo,"[-33.5064372, -70.6059468]"
261,Stadio Artemio Franchi,47282,Europe,Italy,Florence,https://upload.wikimedia.org/wikipedia/commons/thumb/a/aa/Soccer_in_Florence%2C_Italy%2C_2007.jpg/250px-Soccer_in_Florence%2C_Italy%2C_2007.jpg,ACF Fiorentina,"[43.3216867, 11.326179]"
262,Estadio Ciudad de Lanús – Néstor Díaz Pérez,47027,South America,Argentina,Lanús,https://upload.wikimedia.org/wikipedia/commons/thumb/1/1e/Editat%C3%B3n_Club_Lan%C3%BAs_-_Instalaciones_%288%29.JPG/250px-Editat%C3%B3n_Club_Lan%C3%BAs_-_Instalaciones_%288%29.JPG,CA Lanús,"[-34.7176585, -58.3839562]"
263,Estadio Metropolitano Roberto Meléndez,46788,South America,Colombia,Barranquilla,https://upload.wikimedia.org/wikipedia/commons/thumb/b/b0/Estadio_Metropolitano_de_Baranquilla_2011.jpg/250px-Estadio_Metropolitano_de_Baranquilla_2011.jpg,"Colombia national football team, Atlético Junior","[10.9269548, -74.8005111]"
264,Estádio Olímpico Nilton Santos,46831,South America,Brazil,"Rio de Janeiro, Rio de Janeiro",https://upload.wikimedia.org/wikipedia/commons/thumb/a/a8/Est%C3%A1dio_Municipal_Jo%C3%A3o_Havelange_14072007.jpg/250px-Est%C3%A1dio_Municipal_Jo%C3%A3o_Havelange_14072007.jpg,Botafogo FR,"[-22.893194, -43.2935691]"
265,Itaipava Arena Pernambuco,46154,South America,Brazil,"São Lourenço da Mata, Pernambuco",https://upload.wikimedia.org/wikipedia/commons/thumb/6/62/Panorama_of_Arena_Pernambuco.jpg/250px-Panorama_of_Arena_Pernambuco.jpg,Náutico,"[-8.0407296, -35.0082334]"
266,Arena MRV,46000,South America,Brazil,"Belo Horizonte, Minas Gerais",https://upload.wikimedia.org/wikipedia/commons/thumb/5/54/Arena_MRV_em_obras_vista_da_Via_Expressa_%28dezembro_de_2022%29.jpg/250px-Arena_MRV_em_obras_vista_da_Via_Expressa_%28dezembro_de_2022%29.jpg,C Atlético Mineiro,"[-19.9300116, -44.0138813]"
267,Estádio Paulo Constantino,45954,South America,Brazil,"Presidente Prudente, São Paulo",https://upload.wikimedia.org/wikipedia/commons/thumb/c/c0/Derby_Paulista_%28Corinthians-Palmeiras%29_Paulist%C3%A3o_2009.jpg/250px-Derby_Paulista_%28Corinthians-Palmeiras%29_Paulist%C3%A3o_2009.jpg,Grêmio Prudente,"[-22.098568, -51.4150621]"
268,Estadio Atanasio Girardot,45739,South America,Colombia,Medellín,https://upload.wikimedia.org/wikipedia/commons/thumb/4/4a/Atanasio_Girardot_Stadium.jpg/250px-Atanasio_Girardot_Stadium.jpg,"Atlético Nacional, Independiente Medellín","[6.2568267, -75.5901467]"
269,Estadio Ramón Sánchez Pizjuán,45500,Europe,Spain,Seville,https://upload.wikimedia.org/wikipedia/commons/thumb/1/17/Sevilla2-1Lega20182.jpg/250px-Sevilla2-1Lega20182.jpg,Sevilla FC,"[37.3840876, -5.9706309]"
270,Adrar Stadium,45480,Africa,Morocco,Agadir,https://upload.wikimedia.org/wikipedia/commons/thumb/5/51/Stade-Adrar2019.png/250px-Stade-Adrar2019.png,"Hassania Agadir, Morocco national team","[30.4274409, -9.540254]"
271,Lukoil Arena,45360,Europe,Russia,Moscow,https://upload.wikimedia.org/wikipedia/commons/thumb/6/62/Match_veteranov_Spartaka_%2813%29.jpg/250px-Match_veteranov_Spartaka_%2813%29.jpg,Spartak Moscow,"[55.8175885, 37.4406099]"
272,Grand stade de Marrakech,45240,Africa,Morocco,Marrakesh,https://upload.wikimedia.org/wikipedia/commons/thumb/0/0d/Stade_de_marrakech.jpg/250px-Stade_de_marrakech.jpg,"Kawkab Marrakech, Morocco national team","[31.7069985, -7.9803776]"
273,Mandela National Stadium,45202,Africa,Uganda,Kampala,https://upload.wikimedia.org/wikipedia/commons/thumb/3/3c/Mandela_National_Stadium%2C_Uganda.JPG/250px-Mandela_National_Stadium%2C_Uganda.JPG,Uganda national football team,"[0.347296, 32.6588544]"
274,Tarczyński Arena Wrocław,45105,Europe,Poland,Wrocław,https://upload.wikimedia.org/wikipedia/commons/thumb/a/a3/Wroc%C5%82aw_Municipal_Stadium_-_Euro_2012_%28panorama%29.jpg/250px-Wroc%C5%82aw_Municipal_Stadium_-_Euro_2012_%28panorama%29.jpg,Śląsk Wrocław,"[51.1411861, 16.9438067]"
275,Kazan Arena,45105,Europe,Russia,Kazan,https://upload.wikimedia.org/wikipedia/commons/thumb/5/56/Poland_v._Colombia_%2842095441565%29.jpg/250px-Poland_v._Colombia_%2842095441565%29.jpg,Rubin Kazan,"[55.8231854, 49.164033]"
276,Estadio Inca Garcilaso de la Vega,45056,South America,Peru,Cusco,https://upload.wikimedia.org/wikipedia/commons/thumb/1/10/Estadio_garcilaso_cienciano.jpg/250px-Estadio_garcilaso_cienciano.jpg,"CS Cienciano, Deportivo Garcilaso, Cusco FC","[-13.5255188, -71.9664761]"
277,24 February 1956 Stadium,45000,Africa,Algeria,Sidi Bel Abbès,https://upload.wikimedia.org/wikipedia/commons/thumb/b/b1/Stade_24_F%C3%A9vrier_1956.jpg/250px-Stade_24_F%C3%A9vrier_1956.jpg,USM Bel Abbès,"[34.682268, -0.4357555]"
278,Estádio da Machava,45000,Africa,Mozambique,Maputo,https://upload.wikimedia.org/wikipedia/commons/thumb/0/0a/No-image-available.png/480px-No-image-available.png,Mozambique national football team,"[-25.9174099, 32.5263788]"
279,Stadion Gelora Bung Tomo,45000,Southeast Asia,Indonesia,"Surabaya, East Java",https://upload.wikimedia.org/wikipedia/commons/thumb/0/0a/No-image-available.png/480px-No-image-available.png,Persebaya Surabaya,"[-7.2231559, 112.6227833]"
280,Stadion Harapan Banga,45000,Southeast Asia,Indonesia,"Banda Aceh, Aceh",https://upload.wikimedia.org/wikipedia/commons/thumb/0/0a/No-image-available.png/480px-No-image-available.png,"Persiraja, Aceh United","[5.5528455, 95.3192908]"
281,Estadio General Pablo Rojas,45000,South America,Paraguay,Asunción,https://upload.wikimedia.org/wikipedia/commons/thumb/c/c4/Estadio_General_Pablo_Rojas.jpg/250px-Estadio_General_Pablo_Rojas.jpg,Club Cerro Porteño,"[-25.2999926, -57.6376558]"
282,Latakia Sports City Stadium,45000,West Asia,Syria,Latakia,https://upload.wikimedia.org/wikipedia/commons/thumb/0/0a/No-image-available.png/480px-No-image-available.png,,"[35.5200185, 35.7781044]"
283,Zibo Sports Centre Stadium,45000,East Asia,China,"Zibo, Shandong",https://upload.wikimedia.org/wikipedia/commons/thumb/0/0a/No-image-available.png/480px-No-image-available.png,,"[36.8132476, 117.9828384]"
284,Weifang Sports Centre Stadium,45000,East Asia,China,"Weifang, Shandong",https://upload.wikimedia.org/wikipedia/commons/thumb/0/0a/No-image-available.png/480px-No-image-available.png,,"[36.7290476, 119.0630983]"
285,Yantai Sports Park Stadium,45000,East Asia,China,"Yantai, Shandong",https://upload.wikimedia.org/wikipedia/commons/thumb/0/0a/No-image-available.png/480px-No-image-available.png,,"[37.462892, 121.4535599]"
286,Stadium Tuanku Abdul Rahman,45000,Southeast Asia,Malaysia,Seremban,https://upload.wikimedia.org/wikipedia/commons/thumb/f/f5/Stadium_Tuanku_Abdul_Rahman%2C_Paroi.jpg/250px-Stadium_Tuanku_Abdul_Rahman%2C_Paroi.jpg,"ATM FA, Negeri Sembilan","[2.7262398, 101.9826177]"
287,Stade du Complexe sportif de Fès,45000,Africa,Morocco,Fes,https://upload.wikimedia.org/wikipedia/commons/thumb/1/1c/Complexe_sportif_de_F%C3%A8s.jpg/250px-Complexe_sportif_de_F%C3%A8s.jpg,"Wydad de Fès, Maghreb de Fès, Morocco national team","[34.00272, -4.9689618]"
288,Lagos National Stadium,45000,Africa,Nigeria,Lagos,https://upload.wikimedia.org/wikipedia/commons/thumb/0/0a/No-image-available.png/480px-No-image-available.png,Nigeria national football team,"[6.4971425, 3.364988]"
289,Egyptian Army Stadium,45000,Africa,Egypt,Suez,https://upload.wikimedia.org/wikipedia/commons/thumb/0/0a/No-image-available.png/480px-No-image-available.png,,"[29.974498, 32.537086]"
290,Toyota Stadium,45000,East Asia,Japan,"Toyota City, Aichi",https://upload.wikimedia.org/wikipedia/commons/thumb/5/58/JPNxGEO20180623_%283%29.jpg/250px-JPNxGEO20180623_%283%29.jpg,"Nagoya Grampus, Toyota Verblitz","[35.0845879, 137.1708735]"
291,Zayed Sports City Stadium,45000,West Asia,United Arab Emirates,Abu Dhabi,https://upload.wikimedia.org/wikipedia/commons/thumb/a/a7/Abu_Dhabi_Zayed_Sports_City_Stadium_2.jpg/250px-Abu_Dhabi_Zayed_Sports_City_Stadium_2.jpg,,"[24.4161286, 54.45363]"
292,Red Bull Arena,44345,Europe,Germany,Leipzig,https://upload.wikimedia.org/wikipedia/commons/thumb/c/ca/Leipzig_stadium.jpg/250px-Leipzig_stadium.jpg,RB Leipzig,"[51.3457078, 12.3482361]"
293,Estádio Governador Alberto Tavares Silva,44200,South America,Brazil,Teresina,https://upload.wikimedia.org/wikipedia/commons/thumb/0/0a/No-image-available.png/480px-No-image-available.png,"River AC, EC Flamengo, Piauí EC, SE Tiradentes, Auto EC","[-5.1161379, -42.792872]"
294,Estádio Universitário Pedro Pedrossian,44200,South America,Brazil,"Campo Grande, Mato Grosso do Sul",https://upload.wikimedia.org/wikipedia/commons/thumb/f/fa/0253l.jpg/250px-0253l.jpg,"EC Comercial, Operário FC","[-20.4640173, -54.6162947]"
295,Ulsan Munsu Football Stadium,44102,East Asia,South Korea,Ulsan,https://upload.wikimedia.org/wikipedia/commons/thumb/b/b2/Munsu_20121110_204310_5.jpg/250px-Munsu_20121110_204310_5.jpg,Ulsan HD FC,"[35.535263, 129.2594949]"
296,Arena Pantanal,44097,South America,Brazil,"Cuiabá, Mato Grosso",https://upload.wikimedia.org/wikipedia/commons/thumb/1/1c/Arena_Pantanal.jpg/250px-Arena_Pantanal.jpg,"Cuiabá, Mixto EC","[-15.6040649, -56.1222989]"
297,Arena da Amazônia,44000,South America,Brazil,"Manaus, Amazonas",https://upload.wikimedia.org/wikipedia/commons/thumb/4/43/Arena_Amaz%C3%B4nia_Manaus.jpg/250px-Arena_Amaz%C3%B4nia_Manaus.jpg,Nacional FC,"[-3.0831132, -60.0280052]"
298,Suwon World Cup Stadium,43959,East Asia,South Korea,Suwon,https://upload.wikimedia.org/wikipedia/commons/thumb/2/2e/20121003_Suwon_vs_Seoul.jpg/250px-20121003_Suwon_vs_Seoul.jpg,Suwon Samsung Bluewings,"[37.2864084, 127.036805]"
299,Stadion Utama Riau,43923,Southeast Asia,Indonesia,"Pekanbaru, Riau",https://upload.wikimedia.org/wikipedia/commons/thumb/4/4b/Riau_Main_Stadium_%28cropped%29.JPG/250px-Riau_Main_Stadium_%28cropped%29.JPG,PSPS Pekanbaru,"[0.4836139, 101.3896017]"
300,Allianz Parque,43713,South America,Brazil,"São Paulo, São Paulo",https://upload.wikimedia.org/wikipedia/commons/thumb/9/95/Imagens_da_Cidade_de_S%C3%A3o_Paulo_e_Zool%C3%B3gico_da_Capital_Paulista._%2847480340301%29.jpg/250px-Imagens_da_Cidade_de_S%C3%A3o_Paulo_e_Zool%C3%B3gico_da_Capital_Paulista._%2847480340301%29.jpg,SE Palmeiras,"[-23.5274971, -46.6785281]"
301,Shandong Provincial Stadium,43700,East Asia,China,"Jinan, Shandong",https://upload.wikimedia.org/wikipedia/commons/thumb/4/49/SHANGDONGSPORTS.jpg/250px-SHANGDONGSPORTS.jpg,,"[36.6464766, 117.0057846]"
302,Polsat Plus Arena Gdańsk,43615,Europe,Poland,Gdańsk,https://upload.wikimedia.org/wikipedia/commons/thumb/1/17/Gda%C5%84sk%2C_Stadion_PGE_Arena_-_fotopolska.eu_%28326975%29.jpg/250px-Gda%C5%84sk%2C_Stadion_PGE_Arena_-_fotopolska.eu_%28326975%29.jpg,Lechia Gdańsk,"[54.3899192, 18.6404]"
303,Estadio Pedro Bidegain,43494,South America,Argentina,Buenos Aires,https://upload.wikimedia.org/wikipedia/commons/thumb/1/10/Platea_Este_Nuevo_Gasometro_1.jpg/250px-Platea_Este_Nuevo_Gasometro_1.jpg,CA San Lorenzo de Almagro,"[-34.6520908, -58.4401364]"
304,Stadion Miejski w Poznaniu,43269,Europe,Poland,Poznań,https://upload.wikimedia.org/wikipedia/commons/thumb/c/c0/Stadion_Miejski_w_Poznaniu_2013_panorama.jpg/250px-Stadion_Miejski_w_Poznaniu_2013_panorama.jpg,"Lech Poznań, Warta Poznań","[52.4006632, 16.9197326]"
305,Vasil Levski National Stadium,43230,Europe,Bulgaria,Sofia,https://upload.wikimedia.org/wikipedia/commons/thumb/9/93/Vasil_Levski_National_Stadium_2022.jpg/250px-Vasil_Levski_National_Stadium_2022.jpg,Bulgaria national football team,"[42.6875707, 23.3352431]"
306,Estadio Universidad San Marcos,43000,South America,Peru,Lima,https://upload.wikimedia.org/wikipedia/commons/thumb/a/a3/UNMSM_Estadio_San_Marcos_-_2019.png/250px-UNMSM_Estadio_San_Marcos_-_2019.png,Deportivo Universidad San Marcos,"[-12.0621065, -77.0365256]"
307,Ullevi,43000,Europe,Sweden,Gothenburg,https://upload.wikimedia.org/wikipedia/commons/thumb/8/8d/Ullevi_stadium%2C_23_june_2018.png/250px-Ullevi_stadium%2C_23_june_2018.png,Sweden women's national football team,"[57.7059197, 11.9873276]"
308,Jinzhou Binhai Sports Centre Stadium,43000,East Asia,China,Jinzhou,https://upload.wikimedia.org/wikipedia/commons/thumb/0/0a/No-image-available.png/480px-No-image-available.png,,"[40.8723509, 121.0644041]"
309,Estadio General Santander,42901,South America,Colombia,Cúcuta,https://upload.wikimedia.org/wikipedia/commons/thumb/4/46/Cucuta704.jpg/250px-Cucuta704.jpg,Cúcuta Deportivo,"[7.8946627, -72.5018525]"
310,Villa Park,42682,Europe,England,"Birmingham, West Midlands",https://upload.wikimedia.org/wikipedia/commons/thumb/a/a1/Villa_Stadion_panorama_2016.jpg/250px-Villa_Stadion_panorama_2016.jpg,Aston Villa,"[52.5091264, -1.8850354]"
311,Perak Stadium,42500,Southeast Asia,Malaysia,Perak,https://upload.wikimedia.org/wikipedia/commons/thumb/d/dc/Perak_Stadium.JPG/250px-Perak_Stadium.JPG,Perak FA,"[4.6094268, 101.1035452]"
312,Jeonju World Cup Stadium,42477,East Asia,South Korea,Jeonju,https://upload.wikimedia.org/wikipedia/commons/thumb/7/72/%EC%A0%84%EC%A3%BC%EC%9B%94%EB%93%9C%EC%BB%B5%EA%B2%BD%EA%B8%B0%EC%9E%A5.jpg/250px-%EC%A0%84%EC%A3%BC%EC%9B%94%EB%93%9C%EC%BB%B5%EA%B2%BD%EA%B8%B0%EC%9E%A5.jpg,Jeonbuk Hyundai Motors FC,"[35.8678074, 127.0645891]"
313,Ligga Arena,42372,South America,Brazil,"Curitiba, Paraná",https://upload.wikimedia.org/wikipedia/commons/thumb/2/20/Arenadabaixada2.jpg/250px-Arenadabaixada2.jpg,Athletico Paranaense,"[-25.4483457, -49.2768771]"
314,Weserstadion,42358,Europe,Germany,Bremen,https://upload.wikimedia.org/wikipedia/commons/thumb/a/a6/Weserstadion_panorama.JPG/250px-Weserstadion_panorama.JPG,SV Werder Bremen,"[53.0664479, 8.8376718]"
315,Denka Big Swan Stadium,42300,East Asia,Japan,"Niigata, Niigata",https://upload.wikimedia.org/wikipedia/commons/thumb/f/ff/Bigswan080628.JPG/250px-Bigswan080628.JPG,Albirex Niigata,"[37.882576, 139.0591584]"
316,Estadio Olimpico Metropolitano de Mérida,42200,South America,Venezuela,Mérida,https://upload.wikimedia.org/wikipedia/commons/thumb/1/1f/Metropolitanodemeridacopamerica.jpg/250px-Metropolitanodemeridacopamerica.jpg,Estudiantes de Mérida,"[8.5558658, -71.2179965]"
317,Daejeon World Cup Stadium,42176,East Asia,South Korea,Daejeon,https://upload.wikimedia.org/wikipedia/commons/thumb/7/76/Daejeon_World_Cup_Stadium.JPG/250px-Daejeon_World_Cup_Stadium.JPG,Daejeon Citizen,"[36.3652534, 127.3251074]"
318,Matmut ATLANTIQUE,42115,Europe,France,Bordeaux,https://upload.wikimedia.org/wikipedia/commons/thumb/7/7f/500px_photo_%28165733217%29.jpeg/250px-500px_photo_%28165733217%29.jpeg,FC Girondins de Bordeaux,"[44.897357, -0.5616058]"
319,Helsingin Olympiastadion,42062,Europe,Finland,Helsinki,https://upload.wikimedia.org/wikipedia/commons/thumb/b/b3/Olympiastadion_2_2020-08-12.jpg/250px-Olympiastadion_2_2020-08-12.jpg,Finland national football team,"[60.187003, 24.9272463]"
320,Estádio Serra Dourada,42000,South America,Brazil,"Goiânia, Goiás",https://upload.wikimedia.org/wikipedia/commons/thumb/5/5f/Serra_Dourada_Lotado.jpg/250px-Serra_Dourada_Lotado.jpg,"Goiás Esporte Clube, Vila Nova, Atlético Goianiense","[-16.6990653, -49.2331878]"
321,Estadio Deportivo Cali,42000,South America,Colombia,Cali,https://upload.wikimedia.org/wikipedia/commons/thumb/9/9b/SportingCali12.png/250px-SportingCali12.png,Deportivo Cali,"[3.521681, -76.4170626]"
322,Estadio Modelo Alberto Spencer,42000,South America,Ecuador,Guayaquil,https://upload.wikimedia.org/wikipedia/commons/thumb/b/bf/Estadio_Modelo_Lleno_2007_-_panoramio.jpg/250px-Estadio_Modelo_Lleno_2007_-_panoramio.jpg,"Club Sport Patria, Club Deportivo Everest, Panamá Sporting Club, Rocafuerte Fútbol Club","[-2.1789233, -79.8943538]"
323,Estádio do Zimpeto,42000,Africa,Mozambique,Maputo,https://upload.wikimedia.org/wikipedia/commons/thumb/0/0a/No-image-available.png/480px-No-image-available.png,Mozambique national football team,"[-25.8276537, 32.5749811]"
324,Chengdu Sports Centre Stadium,42000,East Asia,China,"Chengdu, Sichuan",https://upload.wikimedia.org/wikipedia/commons/thumb/0/02/Chengdu_Sports_Center.JPG/250px-Chengdu_Sports_Center.JPG,,"[30.659867, 104.063315]"
325,Royal Bafokeng Stadium,42000,Africa,South Africa,"Phokeng, North West",https://upload.wikimedia.org/wikipedia/commons/thumb/6/67/Royal_Bafokeng_Stadium%2C_Phokeng.jpg/250px-Royal_Bafokeng_Stadium%2C_Phokeng.jpg,,"[-25.5787763, 27.1609204]"
326,Estadio Universitario,42000,North America,Mexico,San Nicolás de los Garza,https://upload.wikimedia.org/wikipedia/commons/thumb/0/07/Estadio_Universitario_Concachampions.jpg/250px-Estadio_Universitario_Concachampions.jpg,Tigres de la UANL,"[25.7226067, -100.3119863]"
327,Estadio Brigadier General Estanislao López,42000,South America,Argentina,Santa Fe,https://upload.wikimedia.org/wikipedia/commons/thumb/5/59/Estadio_Brigadier_General_Estanislao_L%C3%B3pez_-_Col%C3%B3n_de_Santa_Fe.jpg/250px-Estadio_Brigadier_General_Estanislao_L%C3%B3pez_-_Col%C3%B3n_de_Santa_Fe.jpg,Club Atlético Colón,"[-31.6632166, -60.7252465]"
328,Estadio Marcelo Bielsa,42000,South America,Argentina,Rosario,https://upload.wikimedia.org/wikipedia/commons/thumb/2/23/Estadio_Marcelo_Bielsa.jpg/250px-Estadio_Marcelo_Bielsa.jpg,Newell's Old Boys,"[-32.9560673, -60.661413]"
329,Stade Geoffroy-Guichard,41965,Europe,France,Saint-Étienne,https://upload.wikimedia.org/wikipedia/commons/thumb/9/99/St_Etienne_Stade_Geoffroy_Guichard.jpg/250px-St_Etienne_Stade_Geoffroy_Guichard.jpg,AS Saint-Étienne,"[45.4607567, 4.3900932]"
330,Vodafone Park,41903,Europe,Turkey,Istanbul,https://upload.wikimedia.org/wikipedia/commons/thumb/9/94/Vodafone_Park_Panorama.jpg/250px-Vodafone_Park_Panorama.jpg,Beşiktaş J.K.,"[41.006381, 28.9758715]"
331,Peter Mokaba Stadium,41733,Africa,South Africa,Polokwane,https://upload.wikimedia.org/wikipedia/commons/thumb/c/cd/Teams_are_warming_up_%284738980575%29.jpg/250px-Teams_are_warming_up_%284738980575%29.jpg,Polokwane City FC,"[-23.9248058, 29.4679601]"
332,Estadio Gigante de Arroyito,41654,South America,Argentina,Rosario,https://upload.wikimedia.org/wikipedia/commons/thumb/6/66/Estadio_Gigante_de_Arroyito.jpg/250px-Estadio_Gigante_de_Arroyito.jpg,Rosario Central,"[-32.914023, -60.674499]"
333,Estadio Cachamay,41600,South America,Venezuela,Ciudad Guayana,https://upload.wikimedia.org/wikipedia/en/thumb/a/a0/CTE_Chamay_Aereo_Cut.jpg/250px-CTE_Chamay_Aereo_Cut.jpg,"Atlético Club Mineros de Guayana, AC Minervén FC","[8.3126855, -62.6963395]"
334,Estadio de Liga Deportiva Universitaria,41596,South America,Ecuador,Quito,https://upload.wikimedia.org/wikipedia/commons/thumb/f/f6/Cl%C3%A1sico_Liga_de_Quito-Barcelona_de_Guayaquil.JPG/250px-Cl%C3%A1sico_Liga_de_Quito-Barcelona_de_Guayaquil.JPG,LDU,"[-0.1077231, -78.4890768]"
335,Allianz Stadium,41507,Europe,Italy,"Turin, Piedmont",https://upload.wikimedia.org/wikipedia/commons/thumb/0/0e/Juventus_Stadium_in_Turin_-_Champions_League_2013-14_-_Juventus_v_Real_Madrid.jpg/250px-Juventus_Stadium_in_Turin_-_Champions_League_2013-14_-_Juventus_v_Real_Madrid.jpg,Juventus FC,"[45.1095758, 7.6421338]"
336,Sapporo Dome,41484,East Asia,Japan,"Sapporo, Hokkaido",https://upload.wikimedia.org/wikipedia/commons/thumb/f/f1/Sapporo_Dome_001.jpeg/250px-Sapporo_Dome_001.jpeg,Hokkaido Consadole Sapporo,"[43.015828, 141.4125064]"
337,Stamford Bridge,41663,Europe,England,London,https://upload.wikimedia.org/wikipedia/commons/thumb/b/b1/Stamford_Bridge%2C_Chelsea_vs_Nottingham_Forest%2C_5_January_2020.jpg/250px-Stamford_Bridge%2C_Chelsea_vs_Nottingham_Forest%2C_5_January_2020.jpg,Chelsea,"[51.4816869, -0.1910336]"
338,Goyang Stadium,41311,East Asia,South Korea,Goyang,https://upload.wikimedia.org/wikipedia/commons/thumb/e/e1/Goyang_sta_1.JPG/250px-Goyang_sta_1.JPG,,"[37.6764849, 126.7431538]"
339,Estadio Hernando Siles,41143,South America,Bolivia,La Paz,https://upload.wikimedia.org/wikipedia/commons/thumb/9/9d/Hernando_Siles_Stadium_-_La_Paz.jpg/250px-Hernando_Siles_Stadium_-_La_Paz.jpg,"La Paz FC, Club Bolívar, The Strongest","[-16.4994503, -68.1228532]"
340,Bingu National Stadium,41100,Africa,Malawi,Lilongwe,https://upload.wikimedia.org/wikipedia/commons/thumb/0/0a/No-image-available.png/480px-No-image-available.png,"Flames, Big Bullets FC","[-13.9438618, 33.7531969]"
341,Mbombela Stadium,40929,Africa,South Africa,"Nelspruit, Mpumalanga",https://upload.wikimedia.org/wikipedia/commons/thumb/2/26/Mbombela_Stadium_arena.jpg/250px-Mbombela_Stadium_arena.jpg,,"[-25.4617294, 30.9296899]"
342,Estadio José Pachencho Romero,40800,South America,Venezuela,Maracaibo,https://upload.wikimedia.org/wikipedia/commons/thumb/3/38/JPPachenchoRomero-16.jpg/250px-JPPachenchoRomero-16.jpg,"Deportivo JBL del Zulia, Deportivo Rayo Zuliano","[10.6740483, -71.644999]"
343,Stade Nelson Mandela,40784,Africa,Algeria,Algiers,https://upload.wikimedia.org/wikipedia/commons/thumb/1/12/Nelson_Mandela_Stadium.jpg/250px-Nelson_Mandela_Stadium.jpg,Algeria national football team,"[36.6939428, 3.1220307]"
344,Kashima Football Stadium,40728,East Asia,Japan,"Kashima, Ibaraki",https://upload.wikimedia.org/wikipedia/commons/thumb/b/bc/Kashima_Soccer_Stadium_5.jpg/250px-Kashima_Soccer_Stadium_5.jpg,Kashima Antlers,"[35.9920049, 140.6403679]"
345,Baba Yara Stadium,40528,Africa,Ghana,Kumasi,https://upload.wikimedia.org/wikipedia/commons/thumb/a/a3/Kumasi924.JPG/250px-Kumasi924.JPG,"Asante Kotoko, King Faisal Babes","[6.68217, -1.6050642]"
346,Estádio Major Antônio Couto Pereira,40502,South America,Brazil,"Curitiba, Paraná",https://upload.wikimedia.org/wikipedia/commons/thumb/7/72/Est%C3%A1dio_Couto_Pereira.jpg/250px-Est%C3%A1dio_Couto_Pereira.jpg,Coritiba Foot Ball Club,"[-25.4214376, -49.2597567]"
347,Stage Front Stadium,40500,Europe,Spain,Barcelona,https://upload.wikimedia.org/wikipedia/commons/thumb/b/b6/Estadicornellaelprat_1.jpg/250px-Estadicornellaelprat_1.jpg,RCD Espanyol,"[41.3478566, 2.0764584]"
348,Estadio Metropolitano de fútbol de Lara,40312,South America,Venezuela,Barquisimeto,https://upload.wikimedia.org/wikipedia/commons/thumb/1/15/Estadio_Metropolitano_de_Lara.jpg/250px-Estadio_Metropolitano_de_Lara.jpg,Unión Lara,"[10.0774374, -69.3222293]"
349,Estadio Malvinas Argentinas,40268,South America,Argentina,Mendoza,https://upload.wikimedia.org/wikipedia/commons/thumb/7/7b/Estadio_Malvinas_Argentinas_2012.jpg/250px-Estadio_Malvinas_Argentinas_2012.jpg,Godoy Cruz Antonio Tomba,"[-32.8896213, -68.8799005]"
350,Stadion Lukas Enembe,40263,Southeast Asia,Indonesia,Nolokla,https://upload.wikimedia.org/wikipedia/commons/thumb/8/87/Lukas_Enembe_Stadium.jpg/250px-Lukas_Enembe_Stadium.jpg,Persipura Jayapura,"[-2.5789948, 140.5734834]"
351,Gwangju World Cup Stadium,40245,East Asia,South Korea,Gwangju,https://upload.wikimedia.org/wikipedia/commons/thumb/7/73/Gwangju_World_Cup_Stadium.jpg/250px-Gwangju_World_Cup_Stadium.jpg,Gwangju FC,"[35.1337706, 126.8750042]"
352,Sân vận động Quốc gia Mỹ Đình,40192,Southeast Asia,Vietnam,Hanoi,https://upload.wikimedia.org/wikipedia/commons/thumb/3/39/Kh%C3%A1n_%C4%91%C3%A0i_B_-_S%C3%A2n_v%E1%BA%ADn_%C4%91%E1%BB%99ng_Qu%E1%BB%91c_gia_M%E1%BB%B9_%C4%90%C3%ACnh.jpg/250px-Kh%C3%A1n_%C4%91%C3%A0i_B_-_S%C3%A2n_v%E1%BA%ADn_%C4%91%E1%BB%99ng_Qu%E1%BB%91c_gia_M%E1%BB%B9_%C4%90%C3%ACnh.jpg,Vietnam national football team,"[21.0205027, 105.7639271]"
353,Goodison Park,40157,Europe,England,"Liverpool, North West",https://upload.wikimedia.org/wikipedia/commons/thumb/b/b9/Goodison_Park_August_2022.jpg/250px-Goodison_Park_August_2022.jpg,Everton FC,"[53.4386898, -2.9664193]"
354,Estádio Governador João Castelo,40149,South America,Brazil,"São Luís, Maranhão",https://upload.wikimedia.org/wikipedia/commons/thumb/d/d0/Est%C3%A1dio_Castel%C3%A3o_em_S%C3%A3o_Lu%C3%ADs%2C_Maranh%C3%A3o%2C_Brasil.jpg/250px-Est%C3%A1dio_Castel%C3%A3o_em_S%C3%A3o_Lu%C3%ADs%2C_Maranh%C3%A3o%2C_Brasil.jpg,"Sampaio Corrêa FC, Moto Club SL, Maranhão AC","[-2.548757, -44.2609513]"
355,Miloud Hadefi Stadium,40143,Africa,Algeria,Oran,https://upload.wikimedia.org/wikipedia/commons/thumb/e/e5/Stade_de_Oran.jpg/250px-Stade_de_Oran.jpg,"Algeria national football team, MC Oran","[35.7285311, -0.5494978]"
356,Estadio Campeón del Siglo,40005,South America,Uruguay,Montevideo,https://upload.wikimedia.org/wikipedia/commons/thumb/8/87/Estadio_Campe%C3%B3n_del_Siglo_setiembre_2021.jpg/250px-Estadio_Campe%C3%B3n_del_Siglo_setiembre_2021.jpg,Club Atlético Peñarol,"[-34.7979283, -56.0662552]"
357,Metalist Stadium,40003,Europe,Ukraine,Kharkiv,https://upload.wikimedia.org/wikipedia/commons/thumb/8/84/Metalist_Stadium_Kharkiv.jpg/250px-Metalist_Stadium_Kharkiv.jpg,"FC Metalist Kharkiv, FC Shakhtar Donetsk","[49.980863, 36.261576]"
358,Al-Janoub Stadium,40000,West Asia,Qatar,Al-Wakrah,https://upload.wikimedia.org/wikipedia/commons/thumb/5/57/Visita_ao_est%C3%A1dio_de_futebol_Al_Janoub_1.jpg/250px-Visita_ao_est%C3%A1dio_de_futebol_Al_Janoub_1.jpg,,"[25.1597079, 51.5742271]"
359,Al-Thumama Stadium,40000,West Asia,Qatar,Al-Thumama,https://upload.wikimedia.org/wikipedia/en/thumb/d/d6/Al_Thumama_Stadium_%282%29.jpg/250px-Al_Thumama_Stadium_%282%29.jpg,,"[25.2353106, 51.5329152]"
360,Ahmed Zabana Stadium,40000,Africa,Algeria,Oran,https://upload.wikimedia.org/wikipedia/commons/thumb/6/6a/Stade_Ahmed_Zabana_2.jpg/250px-Stade_Ahmed_Zabana_2.jpg,MC Oran,"[35.683357, -0.6365156]"
361,Stadion Batakan,40000,Southeast Asia,Indonesia,"Balikpapan, East Kalimantan",https://upload.wikimedia.org/wikipedia/commons/thumb/d/d8/2017-11-14_Batakan.jpg/250px-2017-11-14_Batakan.jpg,Persiba Balikpapan,"[-1.2331501, 116.9433188]"
362,Ali La Pointe Stadium,40000,Africa,Algeria,Algiers,https://upload.wikimedia.org/wikipedia/commons/thumb/3/35/Stade_ali_la_pointe_douera.jpg/250px-Stade_ali_la_pointe_douera.jpg,MC Alger,"[36.7729333, 3.0588445]"
363,Stadion Gelora Joko Samudro,40000,Southeast Asia,Indonesia,"Gresik, East Java",https://upload.wikimedia.org/wikipedia/commons/thumb/4/48/Gelora_Joko_Samudro_Stadium_%282016%29.jpg/250px-Gelora_Joko_Samudro_Stadium_%282016%29.jpg,Gresik United,"[-7.1855067, 112.6506165]"
364,Fisht Olympic Stadium,40000,Europe,Russia,Sochi,https://upload.wikimedia.org/wikipedia/commons/thumb/e/e4/2017_Confederation_Cup_-_MEXNZL_-_Fisht.jpg/250px-2017_Confederation_Cup_-_MEXNZL_-_Fisht.jpg,,"[43.5854823, 39.723109]"
365,Rentschler Field,40000,North America,United States,"East Hartford, Connecticut",https://upload.wikimedia.org/wikipedia/commons/thumb/c/cc/Rentschler_Field_2017.jpg/250px-Rentschler_Field_2017.jpg,,"[41.7596149, -72.6188369]"
366,Jawaharlal Nehru Stadium,40000,South Asia,India,Kochi,https://upload.wikimedia.org/wikipedia/commons/thumb/8/83/Jawaharlal_Nehru_Stadium_%28Kochi%29_in_2022.jpg/250px-Jawaharlal_Nehru_Stadium_%28Kochi%29_in_2022.jpg,"Kerala Blasters, India national football team","[9.9679032, 76.2444378]"
367,Hang Jebat Stadium,40000,Southeast Asia,Malaysia,Malacca,https://upload.wikimedia.org/wikipedia/commons/thumb/2/20/Stadium_Hang_Jebat_015342.jpg/250px-Stadium_Hang_Jebat_015342.jpg,Melaka United,"[2.2885304, 102.2330317]"
368,Hong Kong Stadium,40000,East Asia,Hong Kong,So Kon Po,https://upload.wikimedia.org/wikipedia/commons/thumb/d/db/Hong_Kong_Stadium-1.jpg/250px-Hong_Kong_Stadium-1.jpg,South China AA,"[22.2741833, 114.1890435]"
369,Stadium Negeri Pulau Pinang,40000,Southeast Asia,Malaysia,Batu Kawan,https://upload.wikimedia.org/wikipedia/commons/thumb/9/94/Batu_Kawan_Stadium%2CPenang.jpg/250px-Batu_Kawan_Stadium%2CPenang.jpg,Penang FA,"[5.2614822, 100.4363541]"
370,Accra Sports Stadium,40000,Africa,Ghana,Accra,https://upload.wikimedia.org/wikipedia/commons/thumb/0/0a/No-image-available.png/480px-No-image-available.png,"Accra Hearts of Oak SC, Great Olympics","[5.5515153, -0.1923351]"
371,Sarawak Stadium,40000,Southeast Asia,Malaysia,Kuching,https://upload.wikimedia.org/wikipedia/commons/thumb/0/07/Stadium_Sarawak.JPG/250px-Stadium_Sarawak.JPG,Sarawak FA,"[1.5885233, 110.3593436]"
372,Bogyoke Aung San Stadium,40000,Southeast Asia,Myanmar,Yangon,https://upload.wikimedia.org/wikipedia/commons/thumb/1/17/Aungsan_Stadium.jpg/250px-Aungsan_Stadium.jpg,Yangon United FC,"[16.7838408, 96.1606229]"
373,Resonac Dome Ōita,40000,East Asia,Japan,Ōita,https://upload.wikimedia.org/wikipedia/commons/thumb/1/17/%C5%8Cita_Stadium_2023-03.jpg/250px-%C5%8Cita_Stadium_2023-03.jpg,Ōita Trinita,"[33.2007823, 131.6574852]"
374,Stadium Darul Makmur,40000,Southeast Asia,Malaysia,Kuantan,https://upload.wikimedia.org/wikipedia/commons/thumb/d/d9/Stadium_Pahang.jpg/250px-Stadium_Pahang.jpg,Pahang FA,"[3.8153888, 103.3236608]"
375,Khalifa International Stadium,40000,West Asia,Qatar,Doha,https://upload.wikimedia.org/wikipedia/en/thumb/1/16/Khalifa_International_Stadium.jpg/250px-Khalifa_International_Stadium.jpg,Qatar national football team,"[25.263653, 51.4492245]"
376,Stade de l’Amitié sino-gabonaise,40000,Africa,Gabon,Libreville,https://upload.wikimedia.org/wikipedia/commons/thumb/0/0a/No-image-available.png/480px-No-image-available.png,Gabon national football team,"[0.5218802, 9.3929359]"
377,Peoples Football Stadium,40000,South Asia,Pakistan,Karachi,https://upload.wikimedia.org/wikipedia/commons/thumb/0/0a/No-image-available.png/480px-No-image-available.png,Pakistan national football team,"[24.8582424, 66.9875836]"
378,JRD Tata Sports Complex Stadium,40000,South Asia,India,Jamshedpur,https://upload.wikimedia.org/wikipedia/commons/thumb/4/4e/J.R.D._Tata_Stadium.jpg/250px-J.R.D._Tata_Stadium.jpg,"Jamshedpur FC, Tata Football Academy","[22.8060299, 86.1935297]"
379,Bao'an Stadium,40000,East Asia,China,"Shenzhen, Guangdong",https://upload.wikimedia.org/wikipedia/commons/thumb/9/91/Bao%27an_Stadium.jpg/250px-Bao%27an_Stadium.jpg,,"[22.5609706, 113.8772183]"
380,Kunming Tuodong Sports Centre Stadium,40000,East Asia,China,"Kunming, Yunnan",https://upload.wikimedia.org/wikipedia/commons/thumb/7/79/Kunming_07.JPG/250px-Kunming_07.JPG,China national football team,"[25.0363006, 102.7086139]"
381,Taizhou Sports Centre Stadium,40000,East Asia,China,"Taizhou, Zhejiang",https://upload.wikimedia.org/wikipedia/commons/thumb/0/0a/No-image-available.png/480px-No-image-available.png,,"[28.6496194, 121.395379]"
382,Wuhu Olympic Stadium,40000,East Asia,China,"Wuhu, Anhui",https://upload.wikimedia.org/wikipedia/commons/thumb/0/0a/No-image-available.png/480px-No-image-available.png,,"[31.1800568, 118.2141777]"
383,Huizhou Olympic Stadium,40000,East Asia,China,"Huizhou, Guangdong",https://upload.wikimedia.org/wikipedia/commons/thumb/0/0a/No-image-available.png/480px-No-image-available.png,,"[23.035558, 114.4415201]"
